#
# There is insufficient memory for the Java Runtime Environment to continue.
# Native memory allocation (mmap) failed to map 2097152 bytes for G1 virtual space
# Possible reasons:
#   The system is out of physical RAM or swap space
#   The process is running with CompressedOops enabled, and the Java Heap may be blocking the growth of the native heap
# Possible solutions:
#   Reduce memory load on the system
#   Increase physical memory or swap space
#   Check if swap backing store is full
#   Decrease Java heap size (-Xmx/-Xms)
#   Decrease number of Java threads
#   Decrease Java thread stack sizes (-Xss)
#   Set larger code cache with -XX:ReservedCodeCacheSize=
#   JVM is running with Zero Based Compressed Oops mode in which the Java heap is
#     placed in the first 32GB address space. The Java Heap base address is the
#     maximum limit for the native heap growth. Please use -XX:HeapBaseMinAddress
#     to set the Java Heap base and to place the Java Heap above 32GB virtual address.
# This output file may be truncated or incomplete.
#
#  Out of Memory Error (os_windows.cpp:3600), pid=17656, tid=13136
#
# JRE version: OpenJDK Runtime Environment Temurin-21.0.2+13 (21.0.2+13) (build 21.0.2+13-LTS)
# Java VM: OpenJDK 64-Bit Server VM Temurin-21.0.2+13 (21.0.2+13-LTS, mixed mode, tiered, compressed oops, compressed class ptrs, g1 gc, windows-amd64)
# No core dump will be written. Minidumps are not enabled by default on client versions of Windows
#

---------------  S U M M A R Y ------------

Command Line: -Dfile.encoding=UTF-8 -Dstdout.encoding=UTF-8 -Dstderr.encoding=UTF-8 -XX:+ShowCodeDetailsInExceptionMessages pmtable.pmpost

Host: Intel(R) Core(TM) i5-6300U CPU @ 2.40GHz, 4 cores, 15G,  Windows 11 , 64 bit Build 22621 (10.0.22621.3374)
Time: Sat Apr 27 12:48:25 2024 India Standard Time elapsed time: 8137.837408 seconds (0d 2h 15m 37s)

---------------  T H R E A D  ---------------

Current thread (0x00000124abf84ae0):  WorkerThread "GC Thread#2"    [id=13136, stack(0x000000052e800000,0x000000052e900000) (1024K)]

Stack: [0x000000052e800000,0x000000052e900000]
Native frames: (J=compiled Java code, j=interpreted, Vv=VM code, C=native code)
V  [jvm.dll+0x6c94f9]
V  [jvm.dll+0x8a3c21]
V  [jvm.dll+0x8a614e]
V  [jvm.dll+0x8a6823]
V  [jvm.dll+0x27fa86]
V  [jvm.dll+0x6c5c75]
V  [jvm.dll+0x6ba96a]
V  [jvm.dll+0x35398a]
V  [jvm.dll+0x35b536]
V  [jvm.dll+0x3ac3bb]
V  [jvm.dll+0x3aca54]
V  [jvm.dll+0x3acb1d]
V  [jvm.dll+0x3291ec]
V  [jvm.dll+0x328f45]
V  [jvm.dll+0x319a56]
V  [jvm.dll+0x31a86a]
V  [jvm.dll+0x31ac57]
V  [jvm.dll+0x31a6ce]
V  [jvm.dll+0x3557a6]
V  [jvm.dll+0x355b7a]
V  [jvm.dll+0x356c03]
V  [jvm.dll+0x35338e]
V  [jvm.dll+0x35fefb]
V  [jvm.dll+0x361b99]
V  [jvm.dll+0x3603ca]
V  [jvm.dll+0x3617e8]
V  [jvm.dll+0x36be63]
V  [jvm.dll+0x36bfab]
V  [jvm.dll+0x8d0f87]
V  [jvm.dll+0x84cb3b]
V  [jvm.dll+0x6c7c2d]
C  [ucrtbase.dll+0x29333]
C  [KERNEL32.DLL+0x1257d]
C  [ntdll.dll+0x5aa48]


---------------  P R O C E S S  ---------------

Threads class SMR info:
_java_thread_list=0x00000124ab536360, length=13, elements={
0x00000124a6b669d0, 0x00000124a6bb3350, 0x00000124a6b82e10, 0x00000124a6b83870,
0x00000124a6b842d0, 0x00000124a6b84d30, 0x00000124a6b85ac0, 0x00000124a6c0f790,
0x00000124a6d4a7e0, 0x00000124a6d50640, 0x00000124a6d93920, 0x000001248aa694b0,
0x00000124ab3f6870
}

Java Threads: ( => current thread )
  0x00000124a6b669d0 JavaThread "Reference Handler"          daemon [_thread_blocked, id=8156, stack(0x000000052da00000,0x000000052db00000) (1024K)]
  0x00000124a6bb3350 JavaThread "Finalizer"                  daemon [_thread_blocked, id=16948, stack(0x000000052db00000,0x000000052dc00000) (1024K)]
  0x00000124a6b82e10 JavaThread "Signal Dispatcher"          daemon [_thread_blocked, id=21604, stack(0x000000052dc00000,0x000000052dd00000) (1024K)]
  0x00000124a6b83870 JavaThread "Attach Listener"            daemon [_thread_blocked, id=3968, stack(0x000000052dd00000,0x000000052de00000) (1024K)]
  0x00000124a6b842d0 JavaThread "Service Thread"             daemon [_thread_blocked, id=18808, stack(0x000000052de00000,0x000000052df00000) (1024K)]
  0x00000124a6b84d30 JavaThread "Monitor Deflation Thread"   daemon [_thread_blocked, id=20432, stack(0x000000052df00000,0x000000052e000000) (1024K)]
  0x00000124a6b85ac0 JavaThread "C2 CompilerThread0"         daemon [_thread_blocked, id=15980, stack(0x000000052e000000,0x000000052e100000) (1024K)]
  0x00000124a6c0f790 JavaThread "C1 CompilerThread0"         daemon [_thread_blocked, id=2248, stack(0x000000052e100000,0x000000052e200000) (1024K)]
  0x00000124a6d4a7e0 JavaThread "Notification Thread"        daemon [_thread_blocked, id=22372, stack(0x000000052e200000,0x000000052e300000) (1024K)]
  0x00000124a6d50640 JavaThread "Common-Cleaner"             daemon [_thread_blocked, id=13436, stack(0x000000052e300000,0x000000052e400000) (1024K)]
  0x00000124a6d93920 JavaThread "pool-1-thread-1"                   [_thread_blocked, id=16860, stack(0x000000052e400000,0x000000052e500000) (1024K)]
  0x000001248aa694b0 JavaThread "DestroyJavaVM"                     [_thread_blocked, id=1700, stack(0x000000052d200000,0x000000052d300000) (1024K)]
  0x00000124ab3f6870 JavaThread "PostgreSQL-JDBC-Cleaner"    daemon [_thread_blocked, id=20216, stack(0x000000052d100000,0x000000052d200000) (1024K)]
Total: 13

Other Threads:
  0x00000124a6b28c30 VMThread "VM Thread"                           [id=12648, stack(0x000000052d900000,0x000000052da00000) (1024K)]
  0x00000124a6a9c8f0 WatcherThread "VM Periodic Task Thread"        [id=6084, stack(0x000000052d800000,0x000000052d900000) (1024K)]
  0x000001248cbcadf0 WorkerThread "GC Thread#0"                     [id=1272, stack(0x000000052d300000,0x000000052d400000) (1024K)]
  0x00000124ac04c9b0 WorkerThread "GC Thread#1"                     [id=10808, stack(0x000000052e700000,0x000000052e800000) (1024K)]
=>0x00000124abf84ae0 WorkerThread "GC Thread#2"                     [id=13136, stack(0x000000052e800000,0x000000052e900000) (1024K)]
  0x00000124abf84e80 WorkerThread "GC Thread#3"                     [id=12384, stack(0x000000052e900000,0x000000052ea00000) (1024K)]
  0x000001248cbddc30 ConcurrentGCThread "G1 Main Marker"            [id=4696, stack(0x000000052d400000,0x000000052d500000) (1024K)]
  0x000001248cbdf9d0 WorkerThread "G1 Conc#0"                       [id=20456, stack(0x000000052d500000,0x000000052d600000) (1024K)]
  0x00000124a69624d0 ConcurrentGCThread "G1 Refine#0"               [id=17732, stack(0x000000052d600000,0x000000052d700000) (1024K)]
  0x00000124a69657f0 ConcurrentGCThread "G1 Service"                [id=18696, stack(0x000000052d700000,0x000000052d800000) (1024K)]
Total: 10

Threads with active compile tasks:
Total: 0

VM state: at safepoint (normal execution)

VM Mutex/Monitor currently owned by a thread:  ([mutex/lock_event])
[0x00007ffe4d0c0c18] FreeList_lock - owner thread: 0x00000124abf84ae0
[0x00007ffe4d0c3198] Threads_lock - owner thread: 0x00000124a6b28c30
[0x00007ffe4d0c3298] Heap_lock - owner thread: 0x00000124a6d93920

Heap address: 0x0000000701c00000, size: 4068 MB, Compressed Oops mode: Zero based, Oop shift amount: 3

CDS archive(s) not mapped
Compressed class space mapped at: 0x0000000800000000-0x0000000840000000, reserved size: 1073741824
Narrow klass base: 0x0000000800000000, Narrow klass shift: 0, Narrow klass range: 0x40000000

GC Precious Log:
 CardTable entry size: 512
 Card Set container configuration: InlinePtr #cards 4 size 8 Array Of Cards #cards 16 size 48 Howl #buckets 8 coarsen threshold 3686 Howl Bitmap #cards 512 size 80 coarsen threshold 460 Card regions per heap region 1 cards per card region 4096
 CPUs: 4 total, 4 available
 Memory: 16264M
 Large Page Support: Disabled
 NUMA Support: Disabled
 Compressed Oops: Enabled (Zero based)
 Heap Region Size: 2M
 Heap Min Capacity: 8M
 Heap Initial Capacity: 256M
 Heap Max Capacity: 4068M
 Pre-touch: Disabled
 Parallel Workers: 4
 Concurrent Workers: 1
 Concurrent Refinement Workers: 4
 Periodic GC: Disabled

Heap:
 garbage-first heap   total 2197504K, used 1553604K [0x0000000701c00000, 0x0000000800000000)
  region size 2048K, 494 young (1011712K), 55 survivors (112640K)
 Metaspace       used 15675K, committed 15872K, reserved 1114112K
  class space    used 1404K, committed 1472K, reserved 1048576K

Heap Regions: E=young(eden), S=young(survivor), O=old, HS=humongous(starts), HC=humongous(continues), CS=collection set, F=free, TAMS=top-at-mark-start, PB=parsable bottom
|   0|0x0000000701c00000, 0x0000000701e00000, 0x0000000701e00000|100%| O|  |TAMS 0x0000000701c00000| PB 0x0000000701c00000| Untracked 
|   1|0x0000000701e00000, 0x0000000702000000, 0x0000000702000000|100%| O|  |TAMS 0x0000000701e00000| PB 0x0000000701e00000| Untracked 
|   2|0x0000000702000000, 0x0000000702200000, 0x0000000702200000|100%| O|  |TAMS 0x0000000702000000| PB 0x0000000702000000| Untracked 
|   3|0x0000000702200000, 0x0000000702400000, 0x0000000702400000|100%| O|  |TAMS 0x0000000702200000| PB 0x0000000702200000| Untracked 
|   4|0x0000000702400000, 0x0000000702600000, 0x0000000702600000|100%| O|  |TAMS 0x0000000702400000| PB 0x0000000702400000| Untracked 
|   5|0x0000000702600000, 0x0000000702800000, 0x0000000702800000|100%| O|  |TAMS 0x0000000702600000| PB 0x0000000702600000| Untracked 
|   6|0x0000000702800000, 0x0000000702a00000, 0x0000000702a00000|100%| O|  |TAMS 0x0000000702800000| PB 0x0000000702800000| Untracked 
|   7|0x0000000702a00000, 0x0000000702c00000, 0x0000000702c00000|100%| O|  |TAMS 0x0000000702a00000| PB 0x0000000702a00000| Untracked 
|   8|0x0000000702c00000, 0x0000000702e00000, 0x0000000702e00000|100%| O|  |TAMS 0x0000000702c00000| PB 0x0000000702c00000| Untracked 
|   9|0x0000000702e00000, 0x0000000703000000, 0x0000000703000000|100%| O|  |TAMS 0x0000000702e00000| PB 0x0000000702e00000| Untracked 
|  10|0x0000000703000000, 0x0000000703200000, 0x0000000703200000|100%| O|  |TAMS 0x0000000703000000| PB 0x0000000703000000| Untracked 
|  11|0x0000000703200000, 0x0000000703400000, 0x0000000703400000|100%| O|  |TAMS 0x0000000703200000| PB 0x0000000703200000| Untracked 
|  12|0x0000000703400000, 0x0000000703600000, 0x0000000703600000|100%| O|  |TAMS 0x0000000703400000| PB 0x0000000703400000| Untracked 
|  13|0x0000000703600000, 0x0000000703800000, 0x0000000703800000|100%|HS|  |TAMS 0x0000000703600000| PB 0x0000000703600000| Complete 
|  14|0x0000000703800000, 0x0000000703a00000, 0x0000000703a00000|100%| O|  |TAMS 0x0000000703800000| PB 0x0000000703800000| Untracked 
|  15|0x0000000703a00000, 0x0000000703c00000, 0x0000000703c00000|100%| O|  |TAMS 0x0000000703a00000| PB 0x0000000703a00000| Untracked 
|  16|0x0000000703c00000, 0x0000000703e00000, 0x0000000703e00000|100%| O|  |TAMS 0x0000000703c00000| PB 0x0000000703c00000| Untracked 
|  17|0x0000000703e00000, 0x0000000704000000, 0x0000000704000000|100%| O|  |TAMS 0x0000000703e00000| PB 0x0000000703e00000| Untracked 
|  18|0x0000000704000000, 0x0000000704200000, 0x0000000704200000|100%| O|  |TAMS 0x0000000704000000| PB 0x0000000704000000| Untracked 
|  19|0x0000000704200000, 0x0000000704400000, 0x0000000704400000|100%| O|  |TAMS 0x0000000704200000| PB 0x0000000704200000| Untracked 
|  20|0x0000000704400000, 0x0000000704600000, 0x0000000704600000|100%| O|  |TAMS 0x0000000704400000| PB 0x0000000704400000| Untracked 
|  21|0x0000000704600000, 0x0000000704800000, 0x0000000704800000|100%| O|  |TAMS 0x0000000704600000| PB 0x0000000704600000| Untracked 
|  22|0x0000000704800000, 0x0000000704a00000, 0x0000000704a00000|100%| O|  |TAMS 0x0000000704800000| PB 0x0000000704800000| Untracked 
|  23|0x0000000704a00000, 0x0000000704c00000, 0x0000000704c00000|100%| O|  |TAMS 0x0000000704a00000| PB 0x0000000704a00000| Untracked 
|  24|0x0000000704c00000, 0x0000000704e00000, 0x0000000704e00000|100%| O|  |TAMS 0x0000000704c00000| PB 0x0000000704c00000| Untracked 
|  25|0x0000000704e00000, 0x0000000705000000, 0x0000000705000000|100%| O|  |TAMS 0x0000000704e00000| PB 0x0000000704e00000| Untracked 
|  26|0x0000000705000000, 0x0000000705200000, 0x0000000705200000|100%| O|  |TAMS 0x0000000705000000| PB 0x0000000705000000| Untracked 
|  27|0x0000000705200000, 0x0000000705400000, 0x0000000705400000|100%| O|  |TAMS 0x0000000705200000| PB 0x0000000705200000| Untracked 
|  28|0x0000000705400000, 0x0000000705600000, 0x0000000705600000|100%| O|  |TAMS 0x0000000705400000| PB 0x0000000705400000| Untracked 
|  29|0x0000000705600000, 0x0000000705800000, 0x0000000705800000|100%| O|  |TAMS 0x0000000705600000| PB 0x0000000705600000| Untracked 
|  30|0x0000000705800000, 0x0000000705a00000, 0x0000000705a00000|100%| O|  |TAMS 0x0000000705800000| PB 0x0000000705800000| Untracked 
|  31|0x0000000705a00000, 0x0000000705c00000, 0x0000000705c00000|100%| O|  |TAMS 0x0000000705a00000| PB 0x0000000705a00000| Untracked 
|  32|0x0000000705c00000, 0x0000000705e00000, 0x0000000705e00000|100%| O|  |TAMS 0x0000000705c00000| PB 0x0000000705c00000| Untracked 
|  33|0x0000000705e00000, 0x0000000706000000, 0x0000000706000000|100%| O|  |TAMS 0x0000000705e00000| PB 0x0000000705e00000| Untracked 
|  34|0x0000000706000000, 0x0000000706200000, 0x0000000706200000|100%| O|  |TAMS 0x0000000706000000| PB 0x0000000706000000| Untracked 
|  35|0x0000000706200000, 0x0000000706400000, 0x0000000706400000|100%| O|  |TAMS 0x0000000706200000| PB 0x0000000706200000| Untracked 
|  36|0x0000000706400000, 0x0000000706600000, 0x0000000706600000|100%| O|  |TAMS 0x0000000706400000| PB 0x0000000706400000| Untracked 
|  37|0x0000000706600000, 0x0000000706800000, 0x0000000706800000|100%| O|  |TAMS 0x0000000706600000| PB 0x0000000706600000| Untracked 
|  38|0x0000000706800000, 0x0000000706a00000, 0x0000000706a00000|100%| O|  |TAMS 0x0000000706800000| PB 0x0000000706800000| Untracked 
|  39|0x0000000706a00000, 0x0000000706c00000, 0x0000000706c00000|100%| O|  |TAMS 0x0000000706a00000| PB 0x0000000706a00000| Untracked 
|  40|0x0000000706c00000, 0x0000000706e00000, 0x0000000706e00000|100%| O|  |TAMS 0x0000000706c00000| PB 0x0000000706c00000| Untracked 
|  41|0x0000000706e00000, 0x0000000707000000, 0x0000000707000000|100%| O|  |TAMS 0x0000000706e00000| PB 0x0000000706e00000| Untracked 
|  42|0x0000000707000000, 0x0000000707200000, 0x0000000707200000|100%| O|  |TAMS 0x0000000707000000| PB 0x0000000707000000| Untracked 
|  43|0x0000000707200000, 0x0000000707400000, 0x0000000707400000|100%| O|  |TAMS 0x0000000707200000| PB 0x0000000707200000| Untracked 
|  44|0x0000000707400000, 0x0000000707600000, 0x0000000707600000|100%| O|  |TAMS 0x0000000707400000| PB 0x0000000707400000| Untracked 
|  45|0x0000000707600000, 0x0000000707800000, 0x0000000707800000|100%| O|CS|TAMS 0x0000000707600000| PB 0x0000000707600000| Complete 
|  46|0x0000000707800000, 0x0000000707a00000, 0x0000000707a00000|100%| O|  |TAMS 0x0000000707800000| PB 0x0000000707800000| Untracked 
|  47|0x0000000707a00000, 0x0000000707c00000, 0x0000000707c00000|100%| O|  |TAMS 0x0000000707a00000| PB 0x0000000707a00000| Untracked 
|  48|0x0000000707c00000, 0x0000000707e00000, 0x0000000707e00000|100%| O|  |TAMS 0x0000000707c00000| PB 0x0000000707c00000| Untracked 
|  49|0x0000000707e00000, 0x0000000708000000, 0x0000000708000000|100%| O|  |TAMS 0x0000000707e00000| PB 0x0000000707e00000| Untracked 
|  50|0x0000000708000000, 0x0000000708200000, 0x0000000708200000|100%| O|  |TAMS 0x0000000708000000| PB 0x0000000708000000| Untracked 
|  51|0x0000000708200000, 0x0000000708400000, 0x0000000708400000|100%| O|  |TAMS 0x0000000708200000| PB 0x0000000708200000| Untracked 
|  52|0x0000000708400000, 0x0000000708600000, 0x0000000708600000|100%| O|  |TAMS 0x0000000708400000| PB 0x0000000708400000| Untracked 
|  53|0x0000000708600000, 0x0000000708800000, 0x0000000708800000|100%| O|  |TAMS 0x0000000708600000| PB 0x0000000708600000| Untracked 
|  54|0x0000000708800000, 0x0000000708a00000, 0x0000000708a00000|100%| O|  |TAMS 0x0000000708800000| PB 0x0000000708800000| Untracked 
|  55|0x0000000708a00000, 0x0000000708c00000, 0x0000000708c00000|100%| O|  |TAMS 0x0000000708a00000| PB 0x0000000708a00000| Untracked 
|  56|0x0000000708c00000, 0x0000000708e00000, 0x0000000708e00000|100%| O|  |TAMS 0x0000000708c00000| PB 0x0000000708c00000| Untracked 
|  57|0x0000000708e00000, 0x0000000709000000, 0x0000000709000000|100%| O|  |TAMS 0x0000000708e00000| PB 0x0000000708e00000| Untracked 
|  58|0x0000000709000000, 0x0000000709200000, 0x0000000709200000|100%| O|  |TAMS 0x0000000709000000| PB 0x0000000709000000| Untracked 
|  59|0x0000000709200000, 0x0000000709400000, 0x0000000709400000|100%| O|  |TAMS 0x0000000709200000| PB 0x0000000709200000| Untracked 
|  60|0x0000000709400000, 0x0000000709600000, 0x0000000709600000|100%| O|  |TAMS 0x0000000709400000| PB 0x0000000709400000| Untracked 
|  61|0x0000000709600000, 0x0000000709800000, 0x0000000709800000|100%| O|  |TAMS 0x0000000709600000| PB 0x0000000709600000| Untracked 
|  62|0x0000000709800000, 0x0000000709a00000, 0x0000000709a00000|100%| O|  |TAMS 0x0000000709800000| PB 0x0000000709800000| Untracked 
|  63|0x0000000709a00000, 0x0000000709c00000, 0x0000000709c00000|100%| O|  |TAMS 0x0000000709a00000| PB 0x0000000709a00000| Untracked 
|  64|0x0000000709c00000, 0x0000000709e00000, 0x0000000709e00000|100%| O|  |TAMS 0x0000000709c00000| PB 0x0000000709c00000| Untracked 
|  65|0x0000000709e00000, 0x000000070a000000, 0x000000070a000000|100%| O|  |TAMS 0x0000000709e00000| PB 0x0000000709e00000| Untracked 
|  66|0x000000070a000000, 0x000000070a200000, 0x000000070a200000|100%| O|  |TAMS 0x000000070a000000| PB 0x000000070a000000| Untracked 
|  67|0x000000070a200000, 0x000000070a400000, 0x000000070a400000|100%| O|  |TAMS 0x000000070a200000| PB 0x000000070a200000| Untracked 
|  68|0x000000070a400000, 0x000000070a600000, 0x000000070a600000|100%| O|  |TAMS 0x000000070a400000| PB 0x000000070a400000| Untracked 
|  69|0x000000070a600000, 0x000000070a800000, 0x000000070a800000|100%| O|  |TAMS 0x000000070a600000| PB 0x000000070a600000| Untracked 
|  70|0x000000070a800000, 0x000000070aa00000, 0x000000070aa00000|100%| O|  |TAMS 0x000000070a800000| PB 0x000000070a800000| Untracked 
|  71|0x000000070aa00000, 0x000000070ac00000, 0x000000070ac00000|100%| O|  |TAMS 0x000000070aa00000| PB 0x000000070aa00000| Untracked 
|  72|0x000000070ac00000, 0x000000070ae00000, 0x000000070ae00000|100%| O|  |TAMS 0x000000070ac00000| PB 0x000000070ac00000| Untracked 
|  73|0x000000070ae00000, 0x000000070b000000, 0x000000070b000000|100%| O|  |TAMS 0x000000070ae00000| PB 0x000000070ae00000| Untracked 
|  74|0x000000070b000000, 0x000000070b200000, 0x000000070b200000|100%| O|  |TAMS 0x000000070b000000| PB 0x000000070b000000| Untracked 
|  75|0x000000070b200000, 0x000000070b400000, 0x000000070b400000|100%| O|  |TAMS 0x000000070b200000| PB 0x000000070b200000| Untracked 
|  76|0x000000070b400000, 0x000000070b600000, 0x000000070b600000|100%| O|  |TAMS 0x000000070b400000| PB 0x000000070b400000| Untracked 
|  77|0x000000070b600000, 0x000000070b800000, 0x000000070b800000|100%| O|  |TAMS 0x000000070b600000| PB 0x000000070b600000| Untracked 
|  78|0x000000070b800000, 0x000000070ba00000, 0x000000070ba00000|100%| O|  |TAMS 0x000000070b800000| PB 0x000000070b800000| Untracked 
|  79|0x000000070ba00000, 0x000000070bc00000, 0x000000070bc00000|100%| O|  |TAMS 0x000000070ba00000| PB 0x000000070ba00000| Untracked 
|  80|0x000000070bc00000, 0x000000070be00000, 0x000000070be00000|100%| O|  |TAMS 0x000000070bc00000| PB 0x000000070bc00000| Untracked 
|  81|0x000000070be00000, 0x000000070c000000, 0x000000070c000000|100%| O|  |TAMS 0x000000070be00000| PB 0x000000070be00000| Untracked 
|  82|0x000000070c000000, 0x000000070c200000, 0x000000070c200000|100%| O|  |TAMS 0x000000070c000000| PB 0x000000070c000000| Untracked 
|  83|0x000000070c200000, 0x000000070c400000, 0x000000070c400000|100%| O|  |TAMS 0x000000070c200000| PB 0x000000070c200000| Untracked 
|  84|0x000000070c400000, 0x000000070c600000, 0x000000070c600000|100%| O|  |TAMS 0x000000070c400000| PB 0x000000070c400000| Untracked 
|  85|0x000000070c600000, 0x000000070c800000, 0x000000070c800000|100%| O|  |TAMS 0x000000070c600000| PB 0x000000070c600000| Untracked 
|  86|0x000000070c800000, 0x000000070ca00000, 0x000000070ca00000|100%| O|  |TAMS 0x000000070c800000| PB 0x000000070c800000| Untracked 
|  87|0x000000070ca00000, 0x000000070cc00000, 0x000000070cc00000|100%| O|  |TAMS 0x000000070ca00000| PB 0x000000070ca00000| Untracked 
|  88|0x000000070cc00000, 0x000000070ce00000, 0x000000070ce00000|100%| O|  |TAMS 0x000000070cc00000| PB 0x000000070cc00000| Untracked 
|  89|0x000000070ce00000, 0x000000070d000000, 0x000000070d000000|100%| O|  |TAMS 0x000000070ce00000| PB 0x000000070ce00000| Untracked 
|  90|0x000000070d000000, 0x000000070d200000, 0x000000070d200000|100%| O|  |TAMS 0x000000070d000000| PB 0x000000070d000000| Untracked 
|  91|0x000000070d200000, 0x000000070d400000, 0x000000070d400000|100%| O|  |TAMS 0x000000070d200000| PB 0x000000070d200000| Untracked 
|  92|0x000000070d400000, 0x000000070d600000, 0x000000070d600000|100%| O|  |TAMS 0x000000070d400000| PB 0x000000070d400000| Untracked 
|  93|0x000000070d600000, 0x000000070d800000, 0x000000070d800000|100%| O|  |TAMS 0x000000070d600000| PB 0x000000070d600000| Untracked 
|  94|0x000000070d800000, 0x000000070da00000, 0x000000070da00000|100%| O|  |TAMS 0x000000070d800000| PB 0x000000070d800000| Untracked 
|  95|0x000000070da00000, 0x000000070dc00000, 0x000000070dc00000|100%| O|  |TAMS 0x000000070da00000| PB 0x000000070da00000| Untracked 
|  96|0x000000070dc00000, 0x000000070de00000, 0x000000070de00000|100%| O|  |TAMS 0x000000070dc00000| PB 0x000000070dc00000| Untracked 
|  97|0x000000070de00000, 0x000000070e000000, 0x000000070e000000|100%| O|  |TAMS 0x000000070de00000| PB 0x000000070de00000| Untracked 
|  98|0x000000070e000000, 0x000000070e200000, 0x000000070e200000|100%| O|  |TAMS 0x000000070e000000| PB 0x000000070e000000| Untracked 
|  99|0x000000070e200000, 0x000000070e400000, 0x000000070e400000|100%| O|  |TAMS 0x000000070e200000| PB 0x000000070e200000| Untracked 
| 100|0x000000070e400000, 0x000000070e600000, 0x000000070e600000|100%| O|  |TAMS 0x000000070e400000| PB 0x000000070e400000| Untracked 
| 101|0x000000070e600000, 0x000000070e800000, 0x000000070e800000|100%| O|  |TAMS 0x000000070e600000| PB 0x000000070e600000| Untracked 
| 102|0x000000070e800000, 0x000000070ea00000, 0x000000070ea00000|100%| O|  |TAMS 0x000000070e800000| PB 0x000000070e800000| Untracked 
| 103|0x000000070ea00000, 0x000000070ec00000, 0x000000070ec00000|100%| O|  |TAMS 0x000000070ea00000| PB 0x000000070ea00000| Untracked 
| 104|0x000000070ec00000, 0x000000070ee00000, 0x000000070ee00000|100%| O|  |TAMS 0x000000070ec00000| PB 0x000000070ec00000| Untracked 
| 105|0x000000070ee00000, 0x000000070f000000, 0x000000070f000000|100%| O|  |TAMS 0x000000070ee00000| PB 0x000000070ee00000| Untracked 
| 106|0x000000070f000000, 0x000000070f200000, 0x000000070f200000|100%| O|  |TAMS 0x000000070f000000| PB 0x000000070f000000| Untracked 
| 107|0x000000070f200000, 0x000000070f400000, 0x000000070f400000|100%| O|  |TAMS 0x000000070f200000| PB 0x000000070f200000| Untracked 
| 108|0x000000070f400000, 0x000000070f600000, 0x000000070f600000|100%| O|  |TAMS 0x000000070f400000| PB 0x000000070f400000| Untracked 
| 109|0x000000070f600000, 0x000000070f800000, 0x000000070f800000|100%| O|  |TAMS 0x000000070f600000| PB 0x000000070f600000| Untracked 
| 110|0x000000070f800000, 0x000000070fa00000, 0x000000070fa00000|100%| O|  |TAMS 0x000000070f800000| PB 0x000000070f800000| Untracked 
| 111|0x000000070fa00000, 0x000000070fc00000, 0x000000070fc00000|100%| O|  |TAMS 0x000000070fa00000| PB 0x000000070fa00000| Untracked 
| 112|0x000000070fc00000, 0x000000070fe00000, 0x000000070fe00000|100%| O|  |TAMS 0x000000070fc00000| PB 0x000000070fc00000| Untracked 
| 113|0x000000070fe00000, 0x0000000710000000, 0x0000000710000000|100%| O|  |TAMS 0x000000070fe00000| PB 0x000000070fe00000| Untracked 
| 114|0x0000000710000000, 0x0000000710200000, 0x0000000710200000|100%| O|  |TAMS 0x0000000710000000| PB 0x0000000710000000| Untracked 
| 115|0x0000000710200000, 0x0000000710400000, 0x0000000710400000|100%| O|  |TAMS 0x0000000710200000| PB 0x0000000710200000| Untracked 
| 116|0x0000000710400000, 0x0000000710600000, 0x0000000710600000|100%| O|  |TAMS 0x0000000710400000| PB 0x0000000710400000| Untracked 
| 117|0x0000000710600000, 0x0000000710800000, 0x0000000710800000|100%| O|  |TAMS 0x0000000710600000| PB 0x0000000710600000| Untracked 
| 118|0x0000000710800000, 0x0000000710a00000, 0x0000000710a00000|100%| O|  |TAMS 0x0000000710800000| PB 0x0000000710800000| Untracked 
| 119|0x0000000710a00000, 0x0000000710c00000, 0x0000000710c00000|100%| O|  |TAMS 0x0000000710a00000| PB 0x0000000710a00000| Untracked 
| 120|0x0000000710c00000, 0x0000000710e00000, 0x0000000710e00000|100%| O|  |TAMS 0x0000000710c00000| PB 0x0000000710c00000| Untracked 
| 121|0x0000000710e00000, 0x0000000711000000, 0x0000000711000000|100%| O|  |TAMS 0x0000000710e00000| PB 0x0000000710e00000| Untracked 
| 122|0x0000000711000000, 0x0000000711200000, 0x0000000711200000|100%| O|  |TAMS 0x0000000711000000| PB 0x0000000711000000| Untracked 
| 123|0x0000000711200000, 0x0000000711400000, 0x0000000711400000|100%| O|  |TAMS 0x0000000711200000| PB 0x0000000711200000| Untracked 
| 124|0x0000000711400000, 0x0000000711600000, 0x0000000711600000|100%| O|  |TAMS 0x0000000711400000| PB 0x0000000711400000| Untracked 
| 125|0x0000000711600000, 0x0000000711800000, 0x0000000711800000|100%| O|  |TAMS 0x0000000711600000| PB 0x0000000711600000| Untracked 
| 126|0x0000000711800000, 0x0000000711a00000, 0x0000000711a00000|100%| O|  |TAMS 0x0000000711800000| PB 0x0000000711800000| Untracked 
| 127|0x0000000711a00000, 0x0000000711c00000, 0x0000000711c00000|100%| O|  |TAMS 0x0000000711a00000| PB 0x0000000711a00000| Untracked 
| 128|0x0000000711c00000, 0x0000000711e00000, 0x0000000711e00000|100%|HS|  |TAMS 0x0000000711c00000| PB 0x0000000711c00000| Complete 
| 129|0x0000000711e00000, 0x0000000712000000, 0x0000000712000000|100%|HC|  |TAMS 0x0000000711e00000| PB 0x0000000711e00000| Complete 
| 130|0x0000000712000000, 0x0000000712200000, 0x0000000712200000|100%| O|  |TAMS 0x0000000712000000| PB 0x0000000712000000| Untracked 
| 131|0x0000000712200000, 0x0000000712400000, 0x0000000712400000|100%| O|  |TAMS 0x0000000712200000| PB 0x0000000712200000| Untracked 
| 132|0x0000000712400000, 0x0000000712600000, 0x0000000712600000|100%| O|  |TAMS 0x0000000712400000| PB 0x0000000712400000| Untracked 
| 133|0x0000000712600000, 0x0000000712800000, 0x0000000712800000|100%| O|  |TAMS 0x0000000712600000| PB 0x0000000712600000| Untracked 
| 134|0x0000000712800000, 0x0000000712a00000, 0x0000000712a00000|100%| O|  |TAMS 0x0000000712800000| PB 0x0000000712800000| Untracked 
| 135|0x0000000712a00000, 0x0000000712c00000, 0x0000000712c00000|100%| O|  |TAMS 0x0000000712a00000| PB 0x0000000712a00000| Untracked 
| 136|0x0000000712c00000, 0x0000000712e00000, 0x0000000712e00000|100%| O|  |TAMS 0x0000000712c00000| PB 0x0000000712c00000| Untracked 
| 137|0x0000000712e00000, 0x0000000713000000, 0x0000000713000000|100%| O|  |TAMS 0x0000000712e00000| PB 0x0000000712e00000| Untracked 
| 138|0x0000000713000000, 0x0000000713200000, 0x0000000713200000|100%| O|  |TAMS 0x0000000713000000| PB 0x0000000713000000| Untracked 
| 139|0x0000000713200000, 0x0000000713400000, 0x0000000713400000|100%| O|  |TAMS 0x0000000713200000| PB 0x0000000713200000| Untracked 
| 140|0x0000000713400000, 0x0000000713600000, 0x0000000713600000|100%| O|  |TAMS 0x0000000713400000| PB 0x0000000713400000| Untracked 
| 141|0x0000000713600000, 0x0000000713800000, 0x0000000713800000|100%| O|  |TAMS 0x0000000713600000| PB 0x0000000713600000| Untracked 
| 142|0x0000000713800000, 0x0000000713a00000, 0x0000000713a00000|100%| O|  |TAMS 0x0000000713800000| PB 0x0000000713800000| Untracked 
| 143|0x0000000713a00000, 0x0000000713c00000, 0x0000000713c00000|100%| O|  |TAMS 0x0000000713a00000| PB 0x0000000713a00000| Untracked 
| 144|0x0000000713c00000, 0x0000000713e00000, 0x0000000713e00000|100%| O|  |TAMS 0x0000000713c00000| PB 0x0000000713c00000| Untracked 
| 145|0x0000000713e00000, 0x0000000714000000, 0x0000000714000000|100%|HS|  |TAMS 0x0000000713e00000| PB 0x0000000713e00000| Complete 
| 146|0x0000000714000000, 0x0000000714200000, 0x0000000714200000|100%|HC|  |TAMS 0x0000000714000000| PB 0x0000000714000000| Complete 
| 147|0x0000000714200000, 0x0000000714400000, 0x0000000714400000|100%| S|  |TAMS 0x0000000714200000| PB 0x0000000714200000| Complete 
| 148|0x0000000714400000, 0x0000000714600000, 0x0000000714600000|100%| S|  |TAMS 0x0000000714400000| PB 0x0000000714400000| Complete 
| 149|0x0000000714600000, 0x0000000714800000, 0x0000000714800000|100%| O|  |TAMS 0x0000000714600000| PB 0x0000000714600000| Untracked 
| 150|0x0000000714800000, 0x0000000714a00000, 0x0000000714a00000|100%| O|  |TAMS 0x0000000714800000| PB 0x0000000714800000| Untracked 
| 151|0x0000000714a00000, 0x0000000714c00000, 0x0000000714c00000|100%| O|  |TAMS 0x0000000714a00000| PB 0x0000000714a00000| Untracked 
| 152|0x0000000714c00000, 0x0000000714e00000, 0x0000000714e00000|100%| O|  |TAMS 0x0000000714c00000| PB 0x0000000714c00000| Untracked 
| 153|0x0000000714e00000, 0x0000000715000000, 0x0000000715000000|100%| O|  |TAMS 0x0000000714e00000| PB 0x0000000714e00000| Untracked 
| 154|0x0000000715000000, 0x0000000715200000, 0x0000000715200000|100%| O|  |TAMS 0x0000000715000000| PB 0x0000000715000000| Untracked 
| 155|0x0000000715200000, 0x0000000715400000, 0x0000000715400000|100%| O|  |TAMS 0x0000000715200000| PB 0x0000000715200000| Untracked 
| 156|0x0000000715400000, 0x0000000715600000, 0x0000000715600000|100%| O|  |TAMS 0x0000000715400000| PB 0x0000000715400000| Untracked 
| 157|0x0000000715600000, 0x0000000715800000, 0x0000000715800000|100%| O|  |TAMS 0x0000000715600000| PB 0x0000000715600000| Untracked 
| 158|0x0000000715800000, 0x0000000715a00000, 0x0000000715a00000|100%| O|  |TAMS 0x0000000715800000| PB 0x0000000715800000| Untracked 
| 159|0x0000000715a00000, 0x0000000715c00000, 0x0000000715c00000|100%| O|  |TAMS 0x0000000715a00000| PB 0x0000000715a00000| Untracked 
| 160|0x0000000715c00000, 0x0000000715e00000, 0x0000000715e00000|100%| O|  |TAMS 0x0000000715c00000| PB 0x0000000715c00000| Untracked 
| 161|0x0000000715e00000, 0x0000000716000000, 0x0000000716000000|100%| O|  |TAMS 0x0000000715e00000| PB 0x0000000715e00000| Untracked 
| 162|0x0000000716000000, 0x0000000716200000, 0x0000000716200000|100%| O|  |TAMS 0x0000000716000000| PB 0x0000000716000000| Untracked 
| 163|0x0000000716200000, 0x0000000716400000, 0x0000000716400000|100%| O|  |TAMS 0x0000000716200000| PB 0x0000000716200000| Untracked 
| 164|0x0000000716400000, 0x0000000716600000, 0x0000000716600000|100%| O|  |TAMS 0x0000000716400000| PB 0x0000000716400000| Untracked 
| 165|0x0000000716600000, 0x0000000716800000, 0x0000000716800000|100%| O|  |TAMS 0x0000000716600000| PB 0x0000000716600000| Untracked 
| 166|0x0000000716800000, 0x0000000716a00000, 0x0000000716a00000|100%| O|  |TAMS 0x0000000716800000| PB 0x0000000716800000| Untracked 
| 167|0x0000000716a00000, 0x0000000716c00000, 0x0000000716c00000|100%| O|  |TAMS 0x0000000716a00000| PB 0x0000000716a00000| Untracked 
| 168|0x0000000716c00000, 0x0000000716e00000, 0x0000000716e00000|100%| O|  |TAMS 0x0000000716c00000| PB 0x0000000716c00000| Untracked 
| 169|0x0000000716e00000, 0x0000000717000000, 0x0000000717000000|100%| O|  |TAMS 0x0000000716e00000| PB 0x0000000716e00000| Untracked 
| 170|0x0000000717000000, 0x0000000717200000, 0x0000000717200000|100%| O|  |TAMS 0x0000000717000000| PB 0x0000000717000000| Untracked 
| 171|0x0000000717200000, 0x0000000717400000, 0x0000000717400000|100%| O|  |TAMS 0x0000000717200000| PB 0x0000000717200000| Untracked 
| 172|0x0000000717400000, 0x0000000717600000, 0x0000000717600000|100%| O|  |TAMS 0x0000000717400000| PB 0x0000000717400000| Untracked 
| 173|0x0000000717600000, 0x0000000717800000, 0x0000000717800000|100%| O|  |TAMS 0x0000000717600000| PB 0x0000000717600000| Untracked 
| 174|0x0000000717800000, 0x0000000717a00000, 0x0000000717a00000|100%| O|  |TAMS 0x0000000717800000| PB 0x0000000717800000| Untracked 
| 175|0x0000000717a00000, 0x0000000717c00000, 0x0000000717c00000|100%| O|  |TAMS 0x0000000717a00000| PB 0x0000000717a00000| Untracked 
| 176|0x0000000717c00000, 0x0000000717e00000, 0x0000000717e00000|100%| O|  |TAMS 0x0000000717c00000| PB 0x0000000717c00000| Untracked 
| 177|0x0000000717e00000, 0x0000000718000000, 0x0000000718000000|100%| O|  |TAMS 0x0000000717e00000| PB 0x0000000717e00000| Untracked 
| 178|0x0000000718000000, 0x0000000718200000, 0x0000000718200000|100%| O|  |TAMS 0x0000000718000000| PB 0x0000000718000000| Untracked 
| 179|0x0000000718200000, 0x0000000718400000, 0x0000000718400000|100%| O|  |TAMS 0x0000000718200000| PB 0x0000000718200000| Untracked 
| 180|0x0000000718400000, 0x0000000718600000, 0x0000000718600000|100%| O|  |TAMS 0x0000000718400000| PB 0x0000000718400000| Untracked 
| 181|0x0000000718600000, 0x0000000718800000, 0x0000000718800000|100%| O|  |TAMS 0x0000000718600000| PB 0x0000000718600000| Untracked 
| 182|0x0000000718800000, 0x0000000718a00000, 0x0000000718a00000|100%| O|  |TAMS 0x0000000718800000| PB 0x0000000718800000| Untracked 
| 183|0x0000000718a00000, 0x0000000718c00000, 0x0000000718c00000|100%| O|  |TAMS 0x0000000718a00000| PB 0x0000000718a00000| Untracked 
| 184|0x0000000718c00000, 0x0000000718e00000, 0x0000000718e00000|100%| O|  |TAMS 0x0000000718c00000| PB 0x0000000718c00000| Untracked 
| 185|0x0000000718e00000, 0x0000000719000000, 0x0000000719000000|100%| S|  |TAMS 0x0000000718e00000| PB 0x0000000718e00000| Complete 
| 186|0x0000000719000000, 0x0000000719200000, 0x0000000719200000|100%| O|  |TAMS 0x0000000719000000| PB 0x0000000719000000| Untracked 
| 187|0x0000000719200000, 0x0000000719400000, 0x0000000719400000|100%| O|  |TAMS 0x0000000719200000| PB 0x0000000719200000| Untracked 
| 188|0x0000000719400000, 0x0000000719600000, 0x0000000719600000|100%| O|  |TAMS 0x0000000719400000| PB 0x0000000719400000| Untracked 
| 189|0x0000000719600000, 0x0000000719800000, 0x0000000719800000|100%| O|  |TAMS 0x0000000719600000| PB 0x0000000719600000| Untracked 
| 190|0x0000000719800000, 0x0000000719a00000, 0x0000000719a00000|100%| O|  |TAMS 0x0000000719800000| PB 0x0000000719800000| Untracked 
| 191|0x0000000719a00000, 0x0000000719c00000, 0x0000000719c00000|100%| O|  |TAMS 0x0000000719a00000| PB 0x0000000719a00000| Untracked 
| 192|0x0000000719c00000, 0x0000000719e00000, 0x0000000719e00000|100%| O|  |TAMS 0x0000000719c00000| PB 0x0000000719c00000| Untracked 
| 193|0x0000000719e00000, 0x000000071a000000, 0x000000071a000000|100%| O|  |TAMS 0x0000000719e00000| PB 0x0000000719e00000| Untracked 
| 194|0x000000071a000000, 0x000000071a200000, 0x000000071a200000|100%| O|  |TAMS 0x000000071a000000| PB 0x000000071a000000| Untracked 
| 195|0x000000071a200000, 0x000000071a400000, 0x000000071a400000|100%| O|  |TAMS 0x000000071a200000| PB 0x000000071a200000| Untracked 
| 196|0x000000071a400000, 0x000000071a600000, 0x000000071a600000|100%| O|  |TAMS 0x000000071a400000| PB 0x000000071a400000| Untracked 
| 197|0x000000071a600000, 0x000000071a800000, 0x000000071a800000|100%| O|  |TAMS 0x000000071a600000| PB 0x000000071a600000| Untracked 
| 198|0x000000071a800000, 0x000000071aa00000, 0x000000071aa00000|100%| O|  |TAMS 0x000000071a800000| PB 0x000000071a800000| Untracked 
| 199|0x000000071aa00000, 0x000000071ac00000, 0x000000071ac00000|100%| O|  |TAMS 0x000000071aa00000| PB 0x000000071aa00000| Untracked 
| 200|0x000000071ac00000, 0x000000071ae00000, 0x000000071ae00000|100%| O|  |TAMS 0x000000071ac00000| PB 0x000000071ac00000| Untracked 
| 201|0x000000071ae00000, 0x000000071b000000, 0x000000071b000000|100%| O|  |TAMS 0x000000071ae00000| PB 0x000000071ae00000| Untracked 
| 202|0x000000071b000000, 0x000000071b200000, 0x000000071b200000|100%| O|  |TAMS 0x000000071b000000| PB 0x000000071b000000| Untracked 
| 203|0x000000071b200000, 0x000000071b400000, 0x000000071b400000|100%| O|  |TAMS 0x000000071b200000| PB 0x000000071b200000| Untracked 
| 204|0x000000071b400000, 0x000000071b600000, 0x000000071b600000|100%| O|  |TAMS 0x000000071b400000| PB 0x000000071b400000| Untracked 
| 205|0x000000071b600000, 0x000000071b800000, 0x000000071b800000|100%| O|  |TAMS 0x000000071b600000| PB 0x000000071b600000| Untracked 
| 206|0x000000071b800000, 0x000000071ba00000, 0x000000071ba00000|100%| O|  |TAMS 0x000000071b800000| PB 0x000000071b800000| Untracked 
| 207|0x000000071ba00000, 0x000000071bc00000, 0x000000071bc00000|100%| O|  |TAMS 0x000000071ba00000| PB 0x000000071ba00000| Untracked 
| 208|0x000000071bc00000, 0x000000071be00000, 0x000000071be00000|100%| O|  |TAMS 0x000000071bc00000| PB 0x000000071bc00000| Untracked 
| 209|0x000000071be00000, 0x000000071c000000, 0x000000071c000000|100%| O|  |TAMS 0x000000071be00000| PB 0x000000071be00000| Untracked 
| 210|0x000000071c000000, 0x000000071c200000, 0x000000071c200000|100%| O|  |TAMS 0x000000071c000000| PB 0x000000071c000000| Untracked 
| 211|0x000000071c200000, 0x000000071c400000, 0x000000071c400000|100%| O|  |TAMS 0x000000071c200000| PB 0x000000071c200000| Untracked 
| 212|0x000000071c400000, 0x000000071c600000, 0x000000071c600000|100%| O|  |TAMS 0x000000071c400000| PB 0x000000071c400000| Untracked 
| 213|0x000000071c600000, 0x000000071c800000, 0x000000071c800000|100%| O|  |TAMS 0x000000071c600000| PB 0x000000071c600000| Untracked 
| 214|0x000000071c800000, 0x000000071ca00000, 0x000000071ca00000|100%| O|  |TAMS 0x000000071c800000| PB 0x000000071c800000| Untracked 
| 215|0x000000071ca00000, 0x000000071cc00000, 0x000000071cc00000|100%| O|  |TAMS 0x000000071ca00000| PB 0x000000071ca00000| Untracked 
| 216|0x000000071cc00000, 0x000000071ce00000, 0x000000071ce00000|100%| O|  |TAMS 0x000000071cc00000| PB 0x000000071cc00000| Untracked 
| 217|0x000000071ce00000, 0x000000071d000000, 0x000000071d000000|100%| O|  |TAMS 0x000000071ce00000| PB 0x000000071ce00000| Untracked 
| 218|0x000000071d000000, 0x000000071d200000, 0x000000071d200000|100%| O|  |TAMS 0x000000071d000000| PB 0x000000071d000000| Untracked 
| 219|0x000000071d200000, 0x000000071d400000, 0x000000071d400000|100%| O|  |TAMS 0x000000071d200000| PB 0x000000071d200000| Untracked 
| 220|0x000000071d400000, 0x000000071d600000, 0x000000071d600000|100%| O|  |TAMS 0x000000071d400000| PB 0x000000071d400000| Untracked 
| 221|0x000000071d600000, 0x000000071d800000, 0x000000071d800000|100%| O|  |TAMS 0x000000071d600000| PB 0x000000071d600000| Untracked 
| 222|0x000000071d800000, 0x000000071da00000, 0x000000071da00000|100%| O|  |TAMS 0x000000071d800000| PB 0x000000071d800000| Untracked 
| 223|0x000000071da00000, 0x000000071dc00000, 0x000000071dc00000|100%| O|  |TAMS 0x000000071da00000| PB 0x000000071da00000| Untracked 
| 224|0x000000071dc00000, 0x000000071de00000, 0x000000071de00000|100%| O|  |TAMS 0x000000071dc00000| PB 0x000000071dc00000| Untracked 
| 225|0x000000071de00000, 0x000000071e000000, 0x000000071e000000|100%| O|  |TAMS 0x000000071de00000| PB 0x000000071de00000| Untracked 
| 226|0x000000071e000000, 0x000000071e200000, 0x000000071e200000|100%| O|  |TAMS 0x000000071e000000| PB 0x000000071e000000| Untracked 
| 227|0x000000071e200000, 0x000000071e400000, 0x000000071e400000|100%| O|  |TAMS 0x000000071e200000| PB 0x000000071e200000| Untracked 
| 228|0x000000071e400000, 0x000000071e600000, 0x000000071e600000|100%| O|  |TAMS 0x000000071e400000| PB 0x000000071e400000| Untracked 
| 229|0x000000071e600000, 0x000000071e800000, 0x000000071e800000|100%| O|  |TAMS 0x000000071e600000| PB 0x000000071e600000| Untracked 
| 230|0x000000071e800000, 0x000000071ea00000, 0x000000071ea00000|100%| O|  |TAMS 0x000000071e800000| PB 0x000000071e800000| Untracked 
| 231|0x000000071ea00000, 0x000000071ec00000, 0x000000071ec00000|100%| O|  |TAMS 0x000000071ea00000| PB 0x000000071ea00000| Untracked 
| 232|0x000000071ec00000, 0x000000071ee00000, 0x000000071ee00000|100%| S|  |TAMS 0x000000071ec00000| PB 0x000000071ec00000| Complete 
| 233|0x000000071ee00000, 0x000000071f000000, 0x000000071f000000|100%|HS|  |TAMS 0x000000071ee00000| PB 0x000000071ee00000| Complete 
| 234|0x000000071f000000, 0x000000071f200000, 0x000000071f200000|100%|HC|  |TAMS 0x000000071f000000| PB 0x000000071f000000| Complete 
| 235|0x000000071f200000, 0x000000071f400000, 0x000000071f400000|100%|HC|  |TAMS 0x000000071f200000| PB 0x000000071f200000| Complete 
| 236|0x000000071f400000, 0x000000071f600000, 0x000000071f600000|100%|HC|  |TAMS 0x000000071f400000| PB 0x000000071f400000| Complete 
| 237|0x000000071f600000, 0x000000071f800000, 0x000000071f800000|100%|HC|  |TAMS 0x000000071f600000| PB 0x000000071f600000| Complete 
| 238|0x000000071f800000, 0x000000071fa00000, 0x000000071fa00000|100%|HC|  |TAMS 0x000000071f800000| PB 0x000000071f800000| Complete 
| 239|0x000000071fa00000, 0x000000071fc00000, 0x000000071fc00000|100%| O|  |TAMS 0x000000071fa00000| PB 0x000000071fa00000| Untracked 
| 240|0x000000071fc00000, 0x000000071fe00000, 0x000000071fe00000|100%| O|  |TAMS 0x000000071fc00000| PB 0x000000071fc00000| Untracked 
| 241|0x000000071fe00000, 0x0000000720000000, 0x0000000720000000|100%| O|  |TAMS 0x000000071fe00000| PB 0x000000071fe00000| Untracked 
| 242|0x0000000720000000, 0x0000000720200000, 0x0000000720200000|100%| O|  |TAMS 0x0000000720000000| PB 0x0000000720000000| Untracked 
| 243|0x0000000720200000, 0x0000000720400000, 0x0000000720400000|100%| O|  |TAMS 0x0000000720200000| PB 0x0000000720200000| Untracked 
| 244|0x0000000720400000, 0x0000000720600000, 0x0000000720600000|100%| O|  |TAMS 0x0000000720400000| PB 0x0000000720400000| Untracked 
| 245|0x0000000720600000, 0x0000000720800000, 0x0000000720800000|100%| O|  |TAMS 0x0000000720600000| PB 0x0000000720600000| Untracked 
| 246|0x0000000720800000, 0x0000000720a00000, 0x0000000720a00000|100%| O|  |TAMS 0x0000000720800000| PB 0x0000000720800000| Untracked 
| 247|0x0000000720a00000, 0x0000000720c00000, 0x0000000720c00000|100%| O|  |TAMS 0x0000000720a00000| PB 0x0000000720a00000| Untracked 
| 248|0x0000000720c00000, 0x0000000720e00000, 0x0000000720e00000|100%| O|  |TAMS 0x0000000720c00000| PB 0x0000000720c00000| Untracked 
| 249|0x0000000720e00000, 0x0000000721000000, 0x0000000721000000|100%| O|  |TAMS 0x0000000720e00000| PB 0x0000000720e00000| Untracked 
| 250|0x0000000721000000, 0x0000000721200000, 0x0000000721200000|100%| O|  |TAMS 0x0000000721000000| PB 0x0000000721000000| Untracked 
| 251|0x0000000721200000, 0x0000000721400000, 0x0000000721400000|100%| O|  |TAMS 0x0000000721200000| PB 0x0000000721200000| Untracked 
| 252|0x0000000721400000, 0x0000000721600000, 0x0000000721600000|100%| O|  |TAMS 0x0000000721400000| PB 0x0000000721400000| Untracked 
| 253|0x0000000721600000, 0x0000000721800000, 0x0000000721800000|100%| O|  |TAMS 0x0000000721600000| PB 0x0000000721600000| Untracked 
| 254|0x0000000721800000, 0x0000000721a00000, 0x0000000721a00000|100%| O|  |TAMS 0x0000000721800000| PB 0x0000000721800000| Untracked 
| 255|0x0000000721a00000, 0x0000000721c00000, 0x0000000721c00000|100%| O|  |TAMS 0x0000000721a00000| PB 0x0000000721a00000| Untracked 
| 256|0x0000000721c00000, 0x0000000721e00000, 0x0000000721e00000|100%| O|  |TAMS 0x0000000721c00000| PB 0x0000000721c00000| Untracked 
| 257|0x0000000721e00000, 0x0000000722000000, 0x0000000722000000|100%| O|  |TAMS 0x0000000721e00000| PB 0x0000000721e00000| Untracked 
| 258|0x0000000722000000, 0x0000000722200000, 0x0000000722200000|100%| O|  |TAMS 0x0000000722000000| PB 0x0000000722000000| Untracked 
| 259|0x0000000722200000, 0x0000000722400000, 0x0000000722400000|100%| O|  |TAMS 0x0000000722200000| PB 0x0000000722200000| Untracked 
| 260|0x0000000722400000, 0x0000000722600000, 0x0000000722600000|100%| S|  |TAMS 0x0000000722400000| PB 0x0000000722400000| Complete 
| 261|0x0000000722600000, 0x0000000722800000, 0x0000000722800000|100%| O|  |TAMS 0x0000000722600000| PB 0x0000000722600000| Untracked 
| 262|0x0000000722800000, 0x0000000722a00000, 0x0000000722a00000|100%| O|  |TAMS 0x0000000722800000| PB 0x0000000722800000| Untracked 
| 263|0x0000000722a00000, 0x0000000722c00000, 0x0000000722c00000|100%| O|  |TAMS 0x0000000722a00000| PB 0x0000000722a00000| Untracked 
| 264|0x0000000722c00000, 0x0000000722e00000, 0x0000000722e00000|100%| O|  |TAMS 0x0000000722c00000| PB 0x0000000722c00000| Untracked 
| 265|0x0000000722e00000, 0x0000000723000000, 0x0000000723000000|100%| O|  |TAMS 0x0000000722e00000| PB 0x0000000722e00000| Untracked 
| 266|0x0000000723000000, 0x0000000723200000, 0x0000000723200000|100%| O|  |TAMS 0x0000000723000000| PB 0x0000000723000000| Untracked 
| 267|0x0000000723200000, 0x0000000723400000, 0x0000000723400000|100%| O|  |TAMS 0x0000000723200000| PB 0x0000000723200000| Untracked 
| 268|0x0000000723400000, 0x0000000723600000, 0x0000000723600000|100%| O|  |TAMS 0x0000000723400000| PB 0x0000000723400000| Untracked 
| 269|0x0000000723600000, 0x0000000723800000, 0x0000000723800000|100%| O|CS|TAMS 0x0000000723600000| PB 0x0000000723600000| Complete 
| 270|0x0000000723800000, 0x0000000723a00000, 0x0000000723a00000|100%| O|  |TAMS 0x0000000723800000| PB 0x0000000723800000| Untracked 
| 271|0x0000000723a00000, 0x0000000723c00000, 0x0000000723c00000|100%|HS|  |TAMS 0x0000000723a00000| PB 0x0000000723a00000| Complete 
| 272|0x0000000723c00000, 0x0000000723e00000, 0x0000000723e00000|100%|HC|  |TAMS 0x0000000723c00000| PB 0x0000000723c00000| Complete 
| 273|0x0000000723e00000, 0x0000000724000000, 0x0000000724000000|100%|HC|  |TAMS 0x0000000723e00000| PB 0x0000000723e00000| Complete 
| 274|0x0000000724000000, 0x0000000724200000, 0x0000000724200000|100%|HS|  |TAMS 0x0000000724000000| PB 0x0000000724000000| Complete 
| 275|0x0000000724200000, 0x0000000724400000, 0x0000000724400000|100%|HC|  |TAMS 0x0000000724200000| PB 0x0000000724200000| Complete 
| 276|0x0000000724400000, 0x0000000724600000, 0x0000000724600000|100%|HC|  |TAMS 0x0000000724400000| PB 0x0000000724400000| Complete 
| 277|0x0000000724600000, 0x0000000724800000, 0x0000000724800000|100%|HC|  |TAMS 0x0000000724600000| PB 0x0000000724600000| Complete 
| 278|0x0000000724800000, 0x0000000724a00000, 0x0000000724a00000|100%|HS|  |TAMS 0x0000000724800000| PB 0x0000000724800000| Complete 
| 279|0x0000000724a00000, 0x0000000724c00000, 0x0000000724c00000|100%|HC|  |TAMS 0x0000000724a00000| PB 0x0000000724a00000| Complete 
| 280|0x0000000724c00000, 0x0000000724e00000, 0x0000000724e00000|100%|HC|  |TAMS 0x0000000724c00000| PB 0x0000000724c00000| Complete 
| 281|0x0000000724e00000, 0x0000000725000000, 0x0000000725000000|100%|HC|  |TAMS 0x0000000724e00000| PB 0x0000000724e00000| Complete 
| 282|0x0000000725000000, 0x0000000725200000, 0x0000000725200000|100%|HC|  |TAMS 0x0000000725000000| PB 0x0000000725000000| Complete 
| 283|0x0000000725200000, 0x0000000725400000, 0x0000000725400000|100%|HC|  |TAMS 0x0000000725200000| PB 0x0000000725200000| Complete 
| 284|0x0000000725400000, 0x0000000725600000, 0x0000000725600000|100%|HS|  |TAMS 0x0000000725400000| PB 0x0000000725400000| Complete 
| 285|0x0000000725600000, 0x0000000725800000, 0x0000000725800000|100%|HC|  |TAMS 0x0000000725600000| PB 0x0000000725600000| Complete 
| 286|0x0000000725800000, 0x0000000725a00000, 0x0000000725a00000|100%|HC|  |TAMS 0x0000000725800000| PB 0x0000000725800000| Complete 
| 287|0x0000000725a00000, 0x0000000725c00000, 0x0000000725c00000|100%|HC|  |TAMS 0x0000000725a00000| PB 0x0000000725a00000| Complete 
| 288|0x0000000725c00000, 0x0000000725e00000, 0x0000000725e00000|100%|HC|  |TAMS 0x0000000725c00000| PB 0x0000000725c00000| Complete 
| 289|0x0000000725e00000, 0x0000000726000000, 0x0000000726000000|100%|HC|  |TAMS 0x0000000725e00000| PB 0x0000000725e00000| Complete 
| 290|0x0000000726000000, 0x0000000726200000, 0x0000000726200000|100%|HC|  |TAMS 0x0000000726000000| PB 0x0000000726000000| Complete 
| 291|0x0000000726200000, 0x0000000726400000, 0x0000000726400000|100%|HC|  |TAMS 0x0000000726200000| PB 0x0000000726200000| Complete 
| 292|0x0000000726400000, 0x0000000726600000, 0x0000000726600000|100%| S|  |TAMS 0x0000000726400000| PB 0x0000000726400000| Complete 
| 293|0x0000000726600000, 0x0000000726800000, 0x0000000726800000|100%| S|  |TAMS 0x0000000726600000| PB 0x0000000726600000| Complete 
| 294|0x0000000726800000, 0x0000000726a00000, 0x0000000726a00000|100%| S|  |TAMS 0x0000000726800000| PB 0x0000000726800000| Complete 
| 295|0x0000000726a00000, 0x0000000726c00000, 0x0000000726c00000|100%| S|  |TAMS 0x0000000726a00000| PB 0x0000000726a00000| Complete 
| 296|0x0000000726c00000, 0x0000000726e00000, 0x0000000726e00000|100%| S|  |TAMS 0x0000000726c00000| PB 0x0000000726c00000| Complete 
| 297|0x0000000726e00000, 0x0000000727000000, 0x0000000727000000|100%| S|  |TAMS 0x0000000726e00000| PB 0x0000000726e00000| Complete 
| 298|0x0000000727000000, 0x0000000727200000, 0x0000000727200000|100%| S|  |TAMS 0x0000000727000000| PB 0x0000000727000000| Complete 
| 299|0x0000000727200000, 0x0000000727400000, 0x0000000727400000|100%| S|  |TAMS 0x0000000727200000| PB 0x0000000727200000| Complete 
| 300|0x0000000727400000, 0x0000000727600000, 0x0000000727600000|100%| S|  |TAMS 0x0000000727400000| PB 0x0000000727400000| Complete 
| 301|0x0000000727600000, 0x0000000727800000, 0x0000000727800000|100%| E|CS|TAMS 0x0000000727600000| PB 0x0000000727600000| Complete 
| 302|0x0000000727800000, 0x0000000727a00000, 0x0000000727a00000|100%| E|CS|TAMS 0x0000000727800000| PB 0x0000000727800000| Complete 
| 303|0x0000000727a00000, 0x0000000727c00000, 0x0000000727c00000|100%| E|CS|TAMS 0x0000000727a00000| PB 0x0000000727a00000| Complete 
| 304|0x0000000727c00000, 0x0000000727e00000, 0x0000000727e00000|100%| E|CS|TAMS 0x0000000727c00000| PB 0x0000000727c00000| Complete 
| 305|0x0000000727e00000, 0x0000000728000000, 0x0000000728000000|100%| E|CS|TAMS 0x0000000727e00000| PB 0x0000000727e00000| Complete 
| 306|0x0000000728000000, 0x0000000728200000, 0x0000000728200000|100%| E|CS|TAMS 0x0000000728000000| PB 0x0000000728000000| Complete 
| 307|0x0000000728200000, 0x0000000728400000, 0x0000000728400000|100%| E|CS|TAMS 0x0000000728200000| PB 0x0000000728200000| Complete 
| 308|0x0000000728400000, 0x0000000728600000, 0x0000000728600000|100%| E|CS|TAMS 0x0000000728400000| PB 0x0000000728400000| Complete 
| 309|0x0000000728600000, 0x0000000728800000, 0x0000000728800000|100%| E|CS|TAMS 0x0000000728600000| PB 0x0000000728600000| Complete 
| 310|0x0000000728800000, 0x0000000728a00000, 0x0000000728a00000|100%| E|CS|TAMS 0x0000000728800000| PB 0x0000000728800000| Complete 
| 311|0x0000000728a00000, 0x0000000728c00000, 0x0000000728c00000|100%| E|CS|TAMS 0x0000000728a00000| PB 0x0000000728a00000| Complete 
| 312|0x0000000728c00000, 0x0000000728e00000, 0x0000000728e00000|100%| E|CS|TAMS 0x0000000728c00000| PB 0x0000000728c00000| Complete 
| 313|0x0000000728e00000, 0x0000000729000000, 0x0000000729000000|100%| E|CS|TAMS 0x0000000728e00000| PB 0x0000000728e00000| Complete 
| 314|0x0000000729000000, 0x0000000729200000, 0x0000000729200000|100%| E|CS|TAMS 0x0000000729000000| PB 0x0000000729000000| Complete 
| 315|0x0000000729200000, 0x0000000729400000, 0x0000000729400000|100%| E|CS|TAMS 0x0000000729200000| PB 0x0000000729200000| Complete 
| 316|0x0000000729400000, 0x0000000729600000, 0x0000000729600000|100%| E|CS|TAMS 0x0000000729400000| PB 0x0000000729400000| Complete 
| 317|0x0000000729600000, 0x0000000729800000, 0x0000000729800000|100%| E|CS|TAMS 0x0000000729600000| PB 0x0000000729600000| Complete 
| 318|0x0000000729800000, 0x0000000729a00000, 0x0000000729a00000|100%| E|CS|TAMS 0x0000000729800000| PB 0x0000000729800000| Complete 
| 319|0x0000000729a00000, 0x0000000729c00000, 0x0000000729c00000|100%| E|CS|TAMS 0x0000000729a00000| PB 0x0000000729a00000| Complete 
| 320|0x0000000729c00000, 0x0000000729e00000, 0x0000000729e00000|100%| E|CS|TAMS 0x0000000729c00000| PB 0x0000000729c00000| Complete 
| 321|0x0000000729e00000, 0x000000072a000000, 0x000000072a000000|100%| E|CS|TAMS 0x0000000729e00000| PB 0x0000000729e00000| Complete 
| 322|0x000000072a000000, 0x000000072a200000, 0x000000072a200000|100%| E|CS|TAMS 0x000000072a000000| PB 0x000000072a000000| Complete 
| 323|0x000000072a200000, 0x000000072a400000, 0x000000072a400000|100%| E|CS|TAMS 0x000000072a200000| PB 0x000000072a200000| Complete 
| 324|0x000000072a400000, 0x000000072a600000, 0x000000072a600000|100%| E|CS|TAMS 0x000000072a400000| PB 0x000000072a400000| Complete 
| 325|0x000000072a600000, 0x000000072a800000, 0x000000072a800000|100%| E|CS|TAMS 0x000000072a600000| PB 0x000000072a600000| Complete 
| 326|0x000000072a800000, 0x000000072aa00000, 0x000000072aa00000|100%| E|CS|TAMS 0x000000072a800000| PB 0x000000072a800000| Complete 
| 327|0x000000072aa00000, 0x000000072ac00000, 0x000000072ac00000|100%| E|CS|TAMS 0x000000072aa00000| PB 0x000000072aa00000| Complete 
| 328|0x000000072ac00000, 0x000000072ae00000, 0x000000072ae00000|100%| E|CS|TAMS 0x000000072ac00000| PB 0x000000072ac00000| Complete 
| 329|0x000000072ae00000, 0x000000072b000000, 0x000000072b000000|100%| E|CS|TAMS 0x000000072ae00000| PB 0x000000072ae00000| Complete 
| 330|0x000000072b000000, 0x000000072b200000, 0x000000072b200000|100%| E|CS|TAMS 0x000000072b000000| PB 0x000000072b000000| Complete 
| 331|0x000000072b200000, 0x000000072b400000, 0x000000072b400000|100%| E|CS|TAMS 0x000000072b200000| PB 0x000000072b200000| Complete 
| 332|0x000000072b400000, 0x000000072b600000, 0x000000072b600000|100%| E|CS|TAMS 0x000000072b400000| PB 0x000000072b400000| Complete 
| 333|0x000000072b600000, 0x000000072b800000, 0x000000072b800000|100%| E|CS|TAMS 0x000000072b600000| PB 0x000000072b600000| Complete 
| 334|0x000000072b800000, 0x000000072ba00000, 0x000000072ba00000|100%| E|CS|TAMS 0x000000072b800000| PB 0x000000072b800000| Complete 
| 335|0x000000072ba00000, 0x000000072bc00000, 0x000000072bc00000|100%| E|CS|TAMS 0x000000072ba00000| PB 0x000000072ba00000| Complete 
| 336|0x000000072bc00000, 0x000000072be00000, 0x000000072be00000|100%| E|CS|TAMS 0x000000072bc00000| PB 0x000000072bc00000| Complete 
| 337|0x000000072be00000, 0x000000072c000000, 0x000000072c000000|100%| E|CS|TAMS 0x000000072be00000| PB 0x000000072be00000| Complete 
| 338|0x000000072c000000, 0x000000072c200000, 0x000000072c200000|100%| E|CS|TAMS 0x000000072c000000| PB 0x000000072c000000| Complete 
| 339|0x000000072c200000, 0x000000072c400000, 0x000000072c400000|100%| E|CS|TAMS 0x000000072c200000| PB 0x000000072c200000| Complete 
| 340|0x000000072c400000, 0x000000072c600000, 0x000000072c600000|100%| E|CS|TAMS 0x000000072c400000| PB 0x000000072c400000| Complete 
| 341|0x000000072c600000, 0x000000072c800000, 0x000000072c800000|100%| E|CS|TAMS 0x000000072c600000| PB 0x000000072c600000| Complete 
| 342|0x000000072c800000, 0x000000072ca00000, 0x000000072ca00000|100%| E|CS|TAMS 0x000000072c800000| PB 0x000000072c800000| Complete 
| 343|0x000000072ca00000, 0x000000072cc00000, 0x000000072cc00000|100%| E|CS|TAMS 0x000000072ca00000| PB 0x000000072ca00000| Complete 
| 344|0x000000072cc00000, 0x000000072ce00000, 0x000000072ce00000|100%| E|CS|TAMS 0x000000072cc00000| PB 0x000000072cc00000| Complete 
| 345|0x000000072ce00000, 0x000000072d000000, 0x000000072d000000|100%| E|CS|TAMS 0x000000072ce00000| PB 0x000000072ce00000| Complete 
| 346|0x000000072d000000, 0x000000072d200000, 0x000000072d200000|100%| E|CS|TAMS 0x000000072d000000| PB 0x000000072d000000| Complete 
| 347|0x000000072d200000, 0x000000072d400000, 0x000000072d400000|100%| E|CS|TAMS 0x000000072d200000| PB 0x000000072d200000| Complete 
| 348|0x000000072d400000, 0x000000072d600000, 0x000000072d600000|100%| E|CS|TAMS 0x000000072d400000| PB 0x000000072d400000| Complete 
| 349|0x000000072d600000, 0x000000072d800000, 0x000000072d800000|100%| E|CS|TAMS 0x000000072d600000| PB 0x000000072d600000| Complete 
| 350|0x000000072d800000, 0x000000072da00000, 0x000000072da00000|100%| E|CS|TAMS 0x000000072d800000| PB 0x000000072d800000| Complete 
| 351|0x000000072da00000, 0x000000072dc00000, 0x000000072dc00000|100%| E|CS|TAMS 0x000000072da00000| PB 0x000000072da00000| Complete 
| 352|0x000000072dc00000, 0x000000072de00000, 0x000000072de00000|100%| E|CS|TAMS 0x000000072dc00000| PB 0x000000072dc00000| Complete 
| 353|0x000000072de00000, 0x000000072e000000, 0x000000072e000000|100%| E|CS|TAMS 0x000000072de00000| PB 0x000000072de00000| Complete 
| 354|0x000000072e000000, 0x000000072e200000, 0x000000072e200000|100%| E|CS|TAMS 0x000000072e000000| PB 0x000000072e000000| Complete 
| 355|0x000000072e200000, 0x000000072e400000, 0x000000072e400000|100%| E|CS|TAMS 0x000000072e200000| PB 0x000000072e200000| Complete 
| 356|0x000000072e400000, 0x000000072e600000, 0x000000072e600000|100%| E|CS|TAMS 0x000000072e400000| PB 0x000000072e400000| Complete 
| 357|0x000000072e600000, 0x000000072e800000, 0x000000072e800000|100%| E|CS|TAMS 0x000000072e600000| PB 0x000000072e600000| Complete 
| 358|0x000000072e800000, 0x000000072ea00000, 0x000000072ea00000|100%| E|CS|TAMS 0x000000072e800000| PB 0x000000072e800000| Complete 
| 359|0x000000072ea00000, 0x000000072ec00000, 0x000000072ec00000|100%| E|CS|TAMS 0x000000072ea00000| PB 0x000000072ea00000| Complete 
| 360|0x000000072ec00000, 0x000000072ee00000, 0x000000072ee00000|100%| E|CS|TAMS 0x000000072ec00000| PB 0x000000072ec00000| Complete 
| 361|0x000000072ee00000, 0x000000072f000000, 0x000000072f000000|100%| E|CS|TAMS 0x000000072ee00000| PB 0x000000072ee00000| Complete 
| 362|0x000000072f000000, 0x000000072f200000, 0x000000072f200000|100%| E|CS|TAMS 0x000000072f000000| PB 0x000000072f000000| Complete 
| 363|0x000000072f200000, 0x000000072f400000, 0x000000072f400000|100%| E|CS|TAMS 0x000000072f200000| PB 0x000000072f200000| Complete 
| 364|0x000000072f400000, 0x000000072f600000, 0x000000072f600000|100%| E|CS|TAMS 0x000000072f400000| PB 0x000000072f400000| Complete 
| 365|0x000000072f600000, 0x000000072f800000, 0x000000072f800000|100%| E|CS|TAMS 0x000000072f600000| PB 0x000000072f600000| Complete 
| 366|0x000000072f800000, 0x000000072fa00000, 0x000000072fa00000|100%| E|CS|TAMS 0x000000072f800000| PB 0x000000072f800000| Complete 
| 367|0x000000072fa00000, 0x000000072fc00000, 0x000000072fc00000|100%| E|CS|TAMS 0x000000072fa00000| PB 0x000000072fa00000| Complete 
| 368|0x000000072fc00000, 0x000000072fe00000, 0x000000072fe00000|100%| E|CS|TAMS 0x000000072fc00000| PB 0x000000072fc00000| Complete 
| 369|0x000000072fe00000, 0x0000000730000000, 0x0000000730000000|100%| E|CS|TAMS 0x000000072fe00000| PB 0x000000072fe00000| Complete 
| 370|0x0000000730000000, 0x0000000730200000, 0x0000000730200000|100%| E|CS|TAMS 0x0000000730000000| PB 0x0000000730000000| Complete 
| 371|0x0000000730200000, 0x0000000730400000, 0x0000000730400000|100%| E|CS|TAMS 0x0000000730200000| PB 0x0000000730200000| Complete 
| 372|0x0000000730400000, 0x0000000730600000, 0x0000000730600000|100%| E|CS|TAMS 0x0000000730400000| PB 0x0000000730400000| Complete 
| 373|0x0000000730600000, 0x0000000730800000, 0x0000000730800000|100%| E|CS|TAMS 0x0000000730600000| PB 0x0000000730600000| Complete 
| 374|0x0000000730800000, 0x0000000730a00000, 0x0000000730a00000|100%| E|CS|TAMS 0x0000000730800000| PB 0x0000000730800000| Complete 
| 375|0x0000000730a00000, 0x0000000730c00000, 0x0000000730c00000|100%| E|CS|TAMS 0x0000000730a00000| PB 0x0000000730a00000| Complete 
| 376|0x0000000730c00000, 0x0000000730e00000, 0x0000000730e00000|100%| E|CS|TAMS 0x0000000730c00000| PB 0x0000000730c00000| Complete 
| 377|0x0000000730e00000, 0x0000000731000000, 0x0000000731000000|100%| E|CS|TAMS 0x0000000730e00000| PB 0x0000000730e00000| Complete 
| 378|0x0000000731000000, 0x0000000731200000, 0x0000000731200000|100%| E|CS|TAMS 0x0000000731000000| PB 0x0000000731000000| Complete 
| 379|0x0000000731200000, 0x0000000731400000, 0x0000000731400000|100%| E|CS|TAMS 0x0000000731200000| PB 0x0000000731200000| Complete 
| 380|0x0000000731400000, 0x0000000731600000, 0x0000000731600000|100%| E|CS|TAMS 0x0000000731400000| PB 0x0000000731400000| Complete 
| 381|0x0000000731600000, 0x0000000731800000, 0x0000000731800000|100%| E|CS|TAMS 0x0000000731600000| PB 0x0000000731600000| Complete 
| 382|0x0000000731800000, 0x0000000731a00000, 0x0000000731a00000|100%| E|CS|TAMS 0x0000000731800000| PB 0x0000000731800000| Complete 
| 383|0x0000000731a00000, 0x0000000731c00000, 0x0000000731c00000|100%| E|CS|TAMS 0x0000000731a00000| PB 0x0000000731a00000| Complete 
| 384|0x0000000731c00000, 0x0000000731e00000, 0x0000000731e00000|100%| E|CS|TAMS 0x0000000731c00000| PB 0x0000000731c00000| Complete 
| 385|0x0000000731e00000, 0x0000000732000000, 0x0000000732000000|100%| E|CS|TAMS 0x0000000731e00000| PB 0x0000000731e00000| Complete 
| 386|0x0000000732000000, 0x0000000732200000, 0x0000000732200000|100%| E|CS|TAMS 0x0000000732000000| PB 0x0000000732000000| Complete 
| 387|0x0000000732200000, 0x0000000732400000, 0x0000000732400000|100%| E|CS|TAMS 0x0000000732200000| PB 0x0000000732200000| Complete 
| 388|0x0000000732400000, 0x0000000732600000, 0x0000000732600000|100%| E|CS|TAMS 0x0000000732400000| PB 0x0000000732400000| Complete 
| 389|0x0000000732600000, 0x0000000732800000, 0x0000000732800000|100%| E|CS|TAMS 0x0000000732600000| PB 0x0000000732600000| Complete 
| 390|0x0000000732800000, 0x0000000732a00000, 0x0000000732a00000|100%| E|CS|TAMS 0x0000000732800000| PB 0x0000000732800000| Complete 
| 391|0x0000000732a00000, 0x0000000732c00000, 0x0000000732c00000|100%| E|CS|TAMS 0x0000000732a00000| PB 0x0000000732a00000| Complete 
| 392|0x0000000732c00000, 0x0000000732e00000, 0x0000000732e00000|100%| E|CS|TAMS 0x0000000732c00000| PB 0x0000000732c00000| Complete 
| 393|0x0000000732e00000, 0x0000000733000000, 0x0000000733000000|100%| E|CS|TAMS 0x0000000732e00000| PB 0x0000000732e00000| Complete 
| 394|0x0000000733000000, 0x0000000733200000, 0x0000000733200000|100%| E|CS|TAMS 0x0000000733000000| PB 0x0000000733000000| Complete 
| 395|0x0000000733200000, 0x0000000733400000, 0x0000000733400000|100%| E|CS|TAMS 0x0000000733200000| PB 0x0000000733200000| Complete 
| 396|0x0000000733400000, 0x0000000733600000, 0x0000000733600000|100%| E|CS|TAMS 0x0000000733400000| PB 0x0000000733400000| Complete 
| 397|0x0000000733600000, 0x0000000733800000, 0x0000000733800000|100%| E|CS|TAMS 0x0000000733600000| PB 0x0000000733600000| Complete 
| 398|0x0000000733800000, 0x0000000733a00000, 0x0000000733a00000|100%| E|CS|TAMS 0x0000000733800000| PB 0x0000000733800000| Complete 
| 399|0x0000000733a00000, 0x0000000733c00000, 0x0000000733c00000|100%| E|CS|TAMS 0x0000000733a00000| PB 0x0000000733a00000| Complete 
| 400|0x0000000733c00000, 0x0000000733e00000, 0x0000000733e00000|100%| E|CS|TAMS 0x0000000733c00000| PB 0x0000000733c00000| Complete 
| 401|0x0000000733e00000, 0x0000000734000000, 0x0000000734000000|100%| E|CS|TAMS 0x0000000733e00000| PB 0x0000000733e00000| Complete 
| 402|0x0000000734000000, 0x0000000734200000, 0x0000000734200000|100%| E|CS|TAMS 0x0000000734000000| PB 0x0000000734000000| Complete 
| 403|0x0000000734200000, 0x0000000734400000, 0x0000000734400000|100%| E|CS|TAMS 0x0000000734200000| PB 0x0000000734200000| Complete 
| 404|0x0000000734400000, 0x0000000734600000, 0x0000000734600000|100%| E|CS|TAMS 0x0000000734400000| PB 0x0000000734400000| Complete 
| 405|0x0000000734600000, 0x0000000734800000, 0x0000000734800000|100%| E|CS|TAMS 0x0000000734600000| PB 0x0000000734600000| Complete 
| 406|0x0000000734800000, 0x0000000734a00000, 0x0000000734a00000|100%| E|CS|TAMS 0x0000000734800000| PB 0x0000000734800000| Complete 
| 407|0x0000000734a00000, 0x0000000734c00000, 0x0000000734c00000|100%| E|CS|TAMS 0x0000000734a00000| PB 0x0000000734a00000| Complete 
| 408|0x0000000734c00000, 0x0000000734e00000, 0x0000000734e00000|100%| E|CS|TAMS 0x0000000734c00000| PB 0x0000000734c00000| Complete 
| 409|0x0000000734e00000, 0x0000000735000000, 0x0000000735000000|100%| E|CS|TAMS 0x0000000734e00000| PB 0x0000000734e00000| Complete 
| 410|0x0000000735000000, 0x0000000735200000, 0x0000000735200000|100%| E|CS|TAMS 0x0000000735000000| PB 0x0000000735000000| Complete 
| 411|0x0000000735200000, 0x0000000735400000, 0x0000000735400000|100%| E|CS|TAMS 0x0000000735200000| PB 0x0000000735200000| Complete 
| 412|0x0000000735400000, 0x0000000735600000, 0x0000000735600000|100%| E|CS|TAMS 0x0000000735400000| PB 0x0000000735400000| Complete 
| 413|0x0000000735600000, 0x0000000735800000, 0x0000000735800000|100%| E|CS|TAMS 0x0000000735600000| PB 0x0000000735600000| Complete 
| 414|0x0000000735800000, 0x0000000735a00000, 0x0000000735a00000|100%| E|CS|TAMS 0x0000000735800000| PB 0x0000000735800000| Complete 
| 415|0x0000000735a00000, 0x0000000735c00000, 0x0000000735c00000|100%| E|CS|TAMS 0x0000000735a00000| PB 0x0000000735a00000| Complete 
| 416|0x0000000735c00000, 0x0000000735e00000, 0x0000000735e00000|100%| E|CS|TAMS 0x0000000735c00000| PB 0x0000000735c00000| Complete 
| 417|0x0000000735e00000, 0x0000000736000000, 0x0000000736000000|100%| E|CS|TAMS 0x0000000735e00000| PB 0x0000000735e00000| Complete 
| 418|0x0000000736000000, 0x0000000736200000, 0x0000000736200000|100%| E|CS|TAMS 0x0000000736000000| PB 0x0000000736000000| Complete 
| 419|0x0000000736200000, 0x0000000736400000, 0x0000000736400000|100%| E|CS|TAMS 0x0000000736200000| PB 0x0000000736200000| Complete 
| 420|0x0000000736400000, 0x0000000736600000, 0x0000000736600000|100%| E|CS|TAMS 0x0000000736400000| PB 0x0000000736400000| Complete 
| 421|0x0000000736600000, 0x0000000736800000, 0x0000000736800000|100%| E|CS|TAMS 0x0000000736600000| PB 0x0000000736600000| Complete 
| 422|0x0000000736800000, 0x0000000736a00000, 0x0000000736a00000|100%| E|CS|TAMS 0x0000000736800000| PB 0x0000000736800000| Complete 
| 423|0x0000000736a00000, 0x0000000736c00000, 0x0000000736c00000|100%| E|CS|TAMS 0x0000000736a00000| PB 0x0000000736a00000| Complete 
| 424|0x0000000736c00000, 0x0000000736e00000, 0x0000000736e00000|100%| E|CS|TAMS 0x0000000736c00000| PB 0x0000000736c00000| Complete 
| 425|0x0000000736e00000, 0x0000000737000000, 0x0000000737000000|100%| E|CS|TAMS 0x0000000736e00000| PB 0x0000000736e00000| Complete 
| 426|0x0000000737000000, 0x0000000737200000, 0x0000000737200000|100%| E|CS|TAMS 0x0000000737000000| PB 0x0000000737000000| Complete 
| 427|0x0000000737200000, 0x0000000737400000, 0x0000000737400000|100%| E|CS|TAMS 0x0000000737200000| PB 0x0000000737200000| Complete 
| 428|0x0000000737400000, 0x0000000737600000, 0x0000000737600000|100%| E|CS|TAMS 0x0000000737400000| PB 0x0000000737400000| Complete 
| 429|0x0000000737600000, 0x0000000737800000, 0x0000000737800000|100%| E|CS|TAMS 0x0000000737600000| PB 0x0000000737600000| Complete 
| 430|0x0000000737800000, 0x0000000737a00000, 0x0000000737a00000|100%| E|CS|TAMS 0x0000000737800000| PB 0x0000000737800000| Complete 
| 431|0x0000000737a00000, 0x0000000737c00000, 0x0000000737c00000|100%| E|CS|TAMS 0x0000000737a00000| PB 0x0000000737a00000| Complete 
| 432|0x0000000737c00000, 0x0000000737e00000, 0x0000000737e00000|100%| E|CS|TAMS 0x0000000737c00000| PB 0x0000000737c00000| Complete 
| 433|0x0000000737e00000, 0x0000000738000000, 0x0000000738000000|100%| E|CS|TAMS 0x0000000737e00000| PB 0x0000000737e00000| Complete 
| 434|0x0000000738000000, 0x0000000738200000, 0x0000000738200000|100%| E|CS|TAMS 0x0000000738000000| PB 0x0000000738000000| Complete 
| 435|0x0000000738200000, 0x0000000738400000, 0x0000000738400000|100%| E|CS|TAMS 0x0000000738200000| PB 0x0000000738200000| Complete 
| 436|0x0000000738400000, 0x0000000738600000, 0x0000000738600000|100%| E|CS|TAMS 0x0000000738400000| PB 0x0000000738400000| Complete 
| 437|0x0000000738600000, 0x0000000738800000, 0x0000000738800000|100%| E|CS|TAMS 0x0000000738600000| PB 0x0000000738600000| Complete 
| 438|0x0000000738800000, 0x0000000738a00000, 0x0000000738a00000|100%| E|CS|TAMS 0x0000000738800000| PB 0x0000000738800000| Complete 
| 439|0x0000000738a00000, 0x0000000738c00000, 0x0000000738c00000|100%| E|CS|TAMS 0x0000000738a00000| PB 0x0000000738a00000| Complete 
| 440|0x0000000738c00000, 0x0000000738e00000, 0x0000000738e00000|100%| E|CS|TAMS 0x0000000738c00000| PB 0x0000000738c00000| Complete 
| 441|0x0000000738e00000, 0x0000000739000000, 0x0000000739000000|100%| E|CS|TAMS 0x0000000738e00000| PB 0x0000000738e00000| Complete 
| 442|0x0000000739000000, 0x0000000739200000, 0x0000000739200000|100%| E|CS|TAMS 0x0000000739000000| PB 0x0000000739000000| Complete 
| 443|0x0000000739200000, 0x0000000739400000, 0x0000000739400000|100%| E|CS|TAMS 0x0000000739200000| PB 0x0000000739200000| Complete 
| 444|0x0000000739400000, 0x0000000739600000, 0x0000000739600000|100%| E|CS|TAMS 0x0000000739400000| PB 0x0000000739400000| Complete 
| 445|0x0000000739600000, 0x0000000739800000, 0x0000000739800000|100%| E|CS|TAMS 0x0000000739600000| PB 0x0000000739600000| Complete 
| 446|0x0000000739800000, 0x0000000739a00000, 0x0000000739a00000|100%| E|CS|TAMS 0x0000000739800000| PB 0x0000000739800000| Complete 
| 447|0x0000000739a00000, 0x0000000739c00000, 0x0000000739c00000|100%| E|CS|TAMS 0x0000000739a00000| PB 0x0000000739a00000| Complete 
| 448|0x0000000739c00000, 0x0000000739e00000, 0x0000000739e00000|100%| E|CS|TAMS 0x0000000739c00000| PB 0x0000000739c00000| Complete 
| 449|0x0000000739e00000, 0x000000073a000000, 0x000000073a000000|100%| E|CS|TAMS 0x0000000739e00000| PB 0x0000000739e00000| Complete 
| 450|0x000000073a000000, 0x000000073a200000, 0x000000073a200000|100%| E|CS|TAMS 0x000000073a000000| PB 0x000000073a000000| Complete 
| 451|0x000000073a200000, 0x000000073a400000, 0x000000073a400000|100%| E|CS|TAMS 0x000000073a200000| PB 0x000000073a200000| Complete 
| 452|0x000000073a400000, 0x000000073a600000, 0x000000073a600000|100%| E|CS|TAMS 0x000000073a400000| PB 0x000000073a400000| Complete 
| 453|0x000000073a600000, 0x000000073a800000, 0x000000073a800000|100%| E|CS|TAMS 0x000000073a600000| PB 0x000000073a600000| Complete 
| 454|0x000000073a800000, 0x000000073aa00000, 0x000000073aa00000|100%| E|CS|TAMS 0x000000073a800000| PB 0x000000073a800000| Complete 
| 455|0x000000073aa00000, 0x000000073ac00000, 0x000000073ac00000|100%| E|CS|TAMS 0x000000073aa00000| PB 0x000000073aa00000| Complete 
| 456|0x000000073ac00000, 0x000000073ae00000, 0x000000073ae00000|100%| E|CS|TAMS 0x000000073ac00000| PB 0x000000073ac00000| Complete 
| 457|0x000000073ae00000, 0x000000073b000000, 0x000000073b000000|100%| E|CS|TAMS 0x000000073ae00000| PB 0x000000073ae00000| Complete 
| 458|0x000000073b000000, 0x000000073b200000, 0x000000073b200000|100%| E|CS|TAMS 0x000000073b000000| PB 0x000000073b000000| Complete 
| 459|0x000000073b200000, 0x000000073b400000, 0x000000073b400000|100%| E|CS|TAMS 0x000000073b200000| PB 0x000000073b200000| Complete 
| 460|0x000000073b400000, 0x000000073b600000, 0x000000073b600000|100%| E|CS|TAMS 0x000000073b400000| PB 0x000000073b400000| Complete 
| 461|0x000000073b600000, 0x000000073b800000, 0x000000073b800000|100%| E|CS|TAMS 0x000000073b600000| PB 0x000000073b600000| Complete 
| 462|0x000000073b800000, 0x000000073ba00000, 0x000000073ba00000|100%| E|CS|TAMS 0x000000073b800000| PB 0x000000073b800000| Complete 
| 463|0x000000073ba00000, 0x000000073bc00000, 0x000000073bc00000|100%| E|CS|TAMS 0x000000073ba00000| PB 0x000000073ba00000| Complete 
| 464|0x000000073bc00000, 0x000000073be00000, 0x000000073be00000|100%| E|CS|TAMS 0x000000073bc00000| PB 0x000000073bc00000| Complete 
| 465|0x000000073be00000, 0x000000073c000000, 0x000000073c000000|100%| E|CS|TAMS 0x000000073be00000| PB 0x000000073be00000| Complete 
| 466|0x000000073c000000, 0x000000073c200000, 0x000000073c200000|100%| E|CS|TAMS 0x000000073c000000| PB 0x000000073c000000| Complete 
| 467|0x000000073c200000, 0x000000073c400000, 0x000000073c400000|100%| E|CS|TAMS 0x000000073c200000| PB 0x000000073c200000| Complete 
| 468|0x000000073c400000, 0x000000073c600000, 0x000000073c600000|100%| E|CS|TAMS 0x000000073c400000| PB 0x000000073c400000| Complete 
| 469|0x000000073c600000, 0x000000073c800000, 0x000000073c800000|100%| E|CS|TAMS 0x000000073c600000| PB 0x000000073c600000| Complete 
| 470|0x000000073c800000, 0x000000073ca00000, 0x000000073ca00000|100%| E|CS|TAMS 0x000000073c800000| PB 0x000000073c800000| Complete 
| 471|0x000000073ca00000, 0x000000073cc00000, 0x000000073cc00000|100%| E|CS|TAMS 0x000000073ca00000| PB 0x000000073ca00000| Complete 
| 472|0x000000073cc00000, 0x000000073ce00000, 0x000000073ce00000|100%| E|CS|TAMS 0x000000073cc00000| PB 0x000000073cc00000| Complete 
| 473|0x000000073ce00000, 0x000000073d000000, 0x000000073d000000|100%| E|CS|TAMS 0x000000073ce00000| PB 0x000000073ce00000| Complete 
| 474|0x000000073d000000, 0x000000073d200000, 0x000000073d200000|100%| E|CS|TAMS 0x000000073d000000| PB 0x000000073d000000| Complete 
| 475|0x000000073d200000, 0x000000073d400000, 0x000000073d400000|100%| E|CS|TAMS 0x000000073d200000| PB 0x000000073d200000| Complete 
| 476|0x000000073d400000, 0x000000073d600000, 0x000000073d600000|100%| E|CS|TAMS 0x000000073d400000| PB 0x000000073d400000| Complete 
| 477|0x000000073d600000, 0x000000073d800000, 0x000000073d800000|100%| E|CS|TAMS 0x000000073d600000| PB 0x000000073d600000| Complete 
| 478|0x000000073d800000, 0x000000073da00000, 0x000000073da00000|100%| E|CS|TAMS 0x000000073d800000| PB 0x000000073d800000| Complete 
| 479|0x000000073da00000, 0x000000073dc00000, 0x000000073dc00000|100%| E|CS|TAMS 0x000000073da00000| PB 0x000000073da00000| Complete 
| 480|0x000000073dc00000, 0x000000073de00000, 0x000000073de00000|100%| E|CS|TAMS 0x000000073dc00000| PB 0x000000073dc00000| Complete 
| 481|0x000000073de00000, 0x000000073e000000, 0x000000073e000000|100%| E|CS|TAMS 0x000000073de00000| PB 0x000000073de00000| Complete 
| 482|0x000000073e000000, 0x000000073e200000, 0x000000073e200000|100%| E|CS|TAMS 0x000000073e000000| PB 0x000000073e000000| Complete 
| 483|0x000000073e200000, 0x000000073e400000, 0x000000073e400000|100%| E|CS|TAMS 0x000000073e200000| PB 0x000000073e200000| Complete 
| 484|0x000000073e400000, 0x000000073e600000, 0x000000073e600000|100%| E|CS|TAMS 0x000000073e400000| PB 0x000000073e400000| Complete 
| 485|0x000000073e600000, 0x000000073e800000, 0x000000073e800000|100%| E|CS|TAMS 0x000000073e600000| PB 0x000000073e600000| Complete 
| 486|0x000000073e800000, 0x000000073ea00000, 0x000000073ea00000|100%| E|CS|TAMS 0x000000073e800000| PB 0x000000073e800000| Complete 
| 487|0x000000073ea00000, 0x000000073ec00000, 0x000000073ec00000|100%| E|CS|TAMS 0x000000073ea00000| PB 0x000000073ea00000| Complete 
| 488|0x000000073ec00000, 0x000000073ee00000, 0x000000073ee00000|100%| E|CS|TAMS 0x000000073ec00000| PB 0x000000073ec00000| Complete 
| 489|0x000000073ee00000, 0x000000073f000000, 0x000000073f000000|100%| E|CS|TAMS 0x000000073ee00000| PB 0x000000073ee00000| Complete 
| 490|0x000000073f000000, 0x000000073f200000, 0x000000073f200000|100%| E|CS|TAMS 0x000000073f000000| PB 0x000000073f000000| Complete 
| 491|0x000000073f200000, 0x000000073f400000, 0x000000073f400000|100%| E|CS|TAMS 0x000000073f200000| PB 0x000000073f200000| Complete 
| 492|0x000000073f400000, 0x000000073f600000, 0x000000073f600000|100%| E|CS|TAMS 0x000000073f400000| PB 0x000000073f400000| Complete 
| 493|0x000000073f600000, 0x000000073f800000, 0x000000073f800000|100%| E|CS|TAMS 0x000000073f600000| PB 0x000000073f600000| Complete 
| 494|0x000000073f800000, 0x000000073fa00000, 0x000000073fa00000|100%| E|CS|TAMS 0x000000073f800000| PB 0x000000073f800000| Complete 
| 495|0x000000073fa00000, 0x000000073fc00000, 0x000000073fc00000|100%| E|CS|TAMS 0x000000073fa00000| PB 0x000000073fa00000| Complete 
| 496|0x000000073fc00000, 0x000000073fe00000, 0x000000073fe00000|100%| E|CS|TAMS 0x000000073fc00000| PB 0x000000073fc00000| Complete 
| 497|0x000000073fe00000, 0x0000000740000000, 0x0000000740000000|100%| E|CS|TAMS 0x000000073fe00000| PB 0x000000073fe00000| Complete 
| 498|0x0000000740000000, 0x0000000740200000, 0x0000000740200000|100%| E|CS|TAMS 0x0000000740000000| PB 0x0000000740000000| Complete 
| 499|0x0000000740200000, 0x0000000740400000, 0x0000000740400000|100%| E|CS|TAMS 0x0000000740200000| PB 0x0000000740200000| Complete 
| 500|0x0000000740400000, 0x0000000740600000, 0x0000000740600000|100%| E|CS|TAMS 0x0000000740400000| PB 0x0000000740400000| Complete 
| 501|0x0000000740600000, 0x0000000740800000, 0x0000000740800000|100%| E|CS|TAMS 0x0000000740600000| PB 0x0000000740600000| Complete 
| 502|0x0000000740800000, 0x0000000740a00000, 0x0000000740a00000|100%| E|CS|TAMS 0x0000000740800000| PB 0x0000000740800000| Complete 
| 503|0x0000000740a00000, 0x0000000740c00000, 0x0000000740c00000|100%| E|CS|TAMS 0x0000000740a00000| PB 0x0000000740a00000| Complete 
| 504|0x0000000740c00000, 0x0000000740e00000, 0x0000000740e00000|100%| E|CS|TAMS 0x0000000740c00000| PB 0x0000000740c00000| Complete 
| 505|0x0000000740e00000, 0x0000000741000000, 0x0000000741000000|100%| E|CS|TAMS 0x0000000740e00000| PB 0x0000000740e00000| Complete 
| 506|0x0000000741000000, 0x0000000741200000, 0x0000000741200000|100%| E|CS|TAMS 0x0000000741000000| PB 0x0000000741000000| Complete 
| 507|0x0000000741200000, 0x0000000741400000, 0x0000000741400000|100%| E|CS|TAMS 0x0000000741200000| PB 0x0000000741200000| Complete 
| 508|0x0000000741400000, 0x0000000741600000, 0x0000000741600000|100%| E|CS|TAMS 0x0000000741400000| PB 0x0000000741400000| Complete 
| 509|0x0000000741600000, 0x0000000741800000, 0x0000000741800000|100%| E|CS|TAMS 0x0000000741600000| PB 0x0000000741600000| Complete 
| 510|0x0000000741800000, 0x0000000741a00000, 0x0000000741a00000|100%| E|CS|TAMS 0x0000000741800000| PB 0x0000000741800000| Complete 
| 511|0x0000000741a00000, 0x0000000741c00000, 0x0000000741c00000|100%| E|CS|TAMS 0x0000000741a00000| PB 0x0000000741a00000| Complete 
| 512|0x0000000741c00000, 0x0000000741e00000, 0x0000000741e00000|100%| E|CS|TAMS 0x0000000741c00000| PB 0x0000000741c00000| Complete 
| 513|0x0000000741e00000, 0x0000000742000000, 0x0000000742000000|100%| E|CS|TAMS 0x0000000741e00000| PB 0x0000000741e00000| Complete 
| 514|0x0000000742000000, 0x0000000742200000, 0x0000000742200000|100%| E|CS|TAMS 0x0000000742000000| PB 0x0000000742000000| Complete 
| 515|0x0000000742200000, 0x0000000742400000, 0x0000000742400000|100%| E|CS|TAMS 0x0000000742200000| PB 0x0000000742200000| Complete 
| 516|0x0000000742400000, 0x0000000742600000, 0x0000000742600000|100%| E|CS|TAMS 0x0000000742400000| PB 0x0000000742400000| Complete 
| 517|0x0000000742600000, 0x0000000742800000, 0x0000000742800000|100%| E|CS|TAMS 0x0000000742600000| PB 0x0000000742600000| Complete 
| 518|0x0000000742800000, 0x0000000742a00000, 0x0000000742a00000|100%| E|CS|TAMS 0x0000000742800000| PB 0x0000000742800000| Complete 
| 519|0x0000000742a00000, 0x0000000742c00000, 0x0000000742c00000|100%| E|CS|TAMS 0x0000000742a00000| PB 0x0000000742a00000| Complete 
| 520|0x0000000742c00000, 0x0000000742e00000, 0x0000000742e00000|100%| E|CS|TAMS 0x0000000742c00000| PB 0x0000000742c00000| Complete 
| 521|0x0000000742e00000, 0x0000000743000000, 0x0000000743000000|100%| E|CS|TAMS 0x0000000742e00000| PB 0x0000000742e00000| Complete 
| 522|0x0000000743000000, 0x0000000743200000, 0x0000000743200000|100%| E|CS|TAMS 0x0000000743000000| PB 0x0000000743000000| Complete 
| 523|0x0000000743200000, 0x0000000743400000, 0x0000000743400000|100%| E|CS|TAMS 0x0000000743200000| PB 0x0000000743200000| Complete 
| 524|0x0000000743400000, 0x0000000743600000, 0x0000000743600000|100%| E|CS|TAMS 0x0000000743400000| PB 0x0000000743400000| Complete 
| 525|0x0000000743600000, 0x0000000743800000, 0x0000000743800000|100%| E|CS|TAMS 0x0000000743600000| PB 0x0000000743600000| Complete 
| 526|0x0000000743800000, 0x0000000743a00000, 0x0000000743a00000|100%| E|CS|TAMS 0x0000000743800000| PB 0x0000000743800000| Complete 
| 527|0x0000000743a00000, 0x0000000743c00000, 0x0000000743c00000|100%| E|CS|TAMS 0x0000000743a00000| PB 0x0000000743a00000| Complete 
| 528|0x0000000743c00000, 0x0000000743e00000, 0x0000000743e00000|100%| E|CS|TAMS 0x0000000743c00000| PB 0x0000000743c00000| Complete 
| 529|0x0000000743e00000, 0x0000000744000000, 0x0000000744000000|100%| E|CS|TAMS 0x0000000743e00000| PB 0x0000000743e00000| Complete 
| 530|0x0000000744000000, 0x0000000744200000, 0x0000000744200000|100%| E|CS|TAMS 0x0000000744000000| PB 0x0000000744000000| Complete 
| 531|0x0000000744200000, 0x0000000744400000, 0x0000000744400000|100%| E|CS|TAMS 0x0000000744200000| PB 0x0000000744200000| Complete 
| 532|0x0000000744400000, 0x0000000744600000, 0x0000000744600000|100%| E|CS|TAMS 0x0000000744400000| PB 0x0000000744400000| Complete 
| 533|0x0000000744600000, 0x0000000744800000, 0x0000000744800000|100%| E|CS|TAMS 0x0000000744600000| PB 0x0000000744600000| Complete 
| 534|0x0000000744800000, 0x0000000744a00000, 0x0000000744a00000|100%| E|CS|TAMS 0x0000000744800000| PB 0x0000000744800000| Complete 
| 535|0x0000000744a00000, 0x0000000744c00000, 0x0000000744c00000|100%| E|CS|TAMS 0x0000000744a00000| PB 0x0000000744a00000| Complete 
| 536|0x0000000744c00000, 0x0000000744e00000, 0x0000000744e00000|100%| E|CS|TAMS 0x0000000744c00000| PB 0x0000000744c00000| Complete 
| 537|0x0000000744e00000, 0x0000000745000000, 0x0000000745000000|100%| E|CS|TAMS 0x0000000744e00000| PB 0x0000000744e00000| Complete 
| 538|0x0000000745000000, 0x0000000745200000, 0x0000000745200000|100%| E|CS|TAMS 0x0000000745000000| PB 0x0000000745000000| Complete 
| 539|0x0000000745200000, 0x0000000745400000, 0x0000000745400000|100%| E|CS|TAMS 0x0000000745200000| PB 0x0000000745200000| Complete 
| 540|0x0000000745400000, 0x0000000745600000, 0x0000000745600000|100%| E|CS|TAMS 0x0000000745400000| PB 0x0000000745400000| Complete 
| 541|0x0000000745600000, 0x0000000745800000, 0x0000000745800000|100%| E|CS|TAMS 0x0000000745600000| PB 0x0000000745600000| Complete 
| 542|0x0000000745800000, 0x0000000745a00000, 0x0000000745a00000|100%| E|CS|TAMS 0x0000000745800000| PB 0x0000000745800000| Complete 
| 543|0x0000000745a00000, 0x0000000745c00000, 0x0000000745c00000|100%| E|CS|TAMS 0x0000000745a00000| PB 0x0000000745a00000| Complete 
| 544|0x0000000745c00000, 0x0000000745e00000, 0x0000000745e00000|100%| E|CS|TAMS 0x0000000745c00000| PB 0x0000000745c00000| Complete 
| 545|0x0000000745e00000, 0x0000000746000000, 0x0000000746000000|100%| E|CS|TAMS 0x0000000745e00000| PB 0x0000000745e00000| Complete 
| 546|0x0000000746000000, 0x0000000746200000, 0x0000000746200000|100%| E|CS|TAMS 0x0000000746000000| PB 0x0000000746000000| Complete 
| 547|0x0000000746200000, 0x0000000746400000, 0x0000000746400000|100%| E|CS|TAMS 0x0000000746200000| PB 0x0000000746200000| Complete 
| 548|0x0000000746400000, 0x0000000746600000, 0x0000000746600000|100%| E|CS|TAMS 0x0000000746400000| PB 0x0000000746400000| Complete 
| 549|0x0000000746600000, 0x0000000746800000, 0x0000000746800000|100%| E|CS|TAMS 0x0000000746600000| PB 0x0000000746600000| Complete 
| 550|0x0000000746800000, 0x0000000746a00000, 0x0000000746a00000|100%| E|CS|TAMS 0x0000000746800000| PB 0x0000000746800000| Complete 
| 551|0x0000000746a00000, 0x0000000746c00000, 0x0000000746c00000|100%| E|CS|TAMS 0x0000000746a00000| PB 0x0000000746a00000| Complete 
| 552|0x0000000746c00000, 0x0000000746e00000, 0x0000000746e00000|100%| E|CS|TAMS 0x0000000746c00000| PB 0x0000000746c00000| Complete 
| 553|0x0000000746e00000, 0x0000000747000000, 0x0000000747000000|100%| E|CS|TAMS 0x0000000746e00000| PB 0x0000000746e00000| Complete 
| 554|0x0000000747000000, 0x0000000747200000, 0x0000000747200000|100%| E|CS|TAMS 0x0000000747000000| PB 0x0000000747000000| Complete 
| 555|0x0000000747200000, 0x0000000747400000, 0x0000000747400000|100%| E|CS|TAMS 0x0000000747200000| PB 0x0000000747200000| Complete 
| 556|0x0000000747400000, 0x0000000747600000, 0x0000000747600000|100%| E|CS|TAMS 0x0000000747400000| PB 0x0000000747400000| Complete 
| 557|0x0000000747600000, 0x0000000747800000, 0x0000000747800000|100%| E|CS|TAMS 0x0000000747600000| PB 0x0000000747600000| Complete 
| 558|0x0000000747800000, 0x0000000747a00000, 0x0000000747a00000|100%| E|CS|TAMS 0x0000000747800000| PB 0x0000000747800000| Complete 
| 559|0x0000000747a00000, 0x0000000747c00000, 0x0000000747c00000|100%| E|CS|TAMS 0x0000000747a00000| PB 0x0000000747a00000| Complete 
| 560|0x0000000747c00000, 0x0000000747e00000, 0x0000000747e00000|100%| E|CS|TAMS 0x0000000747c00000| PB 0x0000000747c00000| Complete 
| 561|0x0000000747e00000, 0x0000000748000000, 0x0000000748000000|100%| E|CS|TAMS 0x0000000747e00000| PB 0x0000000747e00000| Complete 
| 562|0x0000000748000000, 0x0000000748200000, 0x0000000748200000|100%| E|CS|TAMS 0x0000000748000000| PB 0x0000000748000000| Complete 
| 563|0x0000000748200000, 0x0000000748400000, 0x0000000748400000|100%| E|CS|TAMS 0x0000000748200000| PB 0x0000000748200000| Complete 
| 564|0x0000000748400000, 0x0000000748600000, 0x0000000748600000|100%| E|CS|TAMS 0x0000000748400000| PB 0x0000000748400000| Complete 
| 565|0x0000000748600000, 0x0000000748800000, 0x0000000748800000|100%| E|CS|TAMS 0x0000000748600000| PB 0x0000000748600000| Complete 
| 566|0x0000000748800000, 0x0000000748a00000, 0x0000000748a00000|100%| E|CS|TAMS 0x0000000748800000| PB 0x0000000748800000| Complete 
| 567|0x0000000748a00000, 0x0000000748c00000, 0x0000000748c00000|100%| E|CS|TAMS 0x0000000748a00000| PB 0x0000000748a00000| Complete 
| 568|0x0000000748c00000, 0x0000000748e00000, 0x0000000748e00000|100%| E|CS|TAMS 0x0000000748c00000| PB 0x0000000748c00000| Complete 
| 569|0x0000000748e00000, 0x0000000749000000, 0x0000000749000000|100%| E|CS|TAMS 0x0000000748e00000| PB 0x0000000748e00000| Complete 
| 570|0x0000000749000000, 0x0000000749200000, 0x0000000749200000|100%| E|CS|TAMS 0x0000000749000000| PB 0x0000000749000000| Complete 
| 571|0x0000000749200000, 0x0000000749400000, 0x0000000749400000|100%| E|CS|TAMS 0x0000000749200000| PB 0x0000000749200000| Complete 
| 572|0x0000000749400000, 0x0000000749600000, 0x0000000749600000|100%| E|CS|TAMS 0x0000000749400000| PB 0x0000000749400000| Complete 
| 573|0x0000000749600000, 0x0000000749800000, 0x0000000749800000|100%| E|CS|TAMS 0x0000000749600000| PB 0x0000000749600000| Complete 
| 574|0x0000000749800000, 0x0000000749a00000, 0x0000000749a00000|100%| E|CS|TAMS 0x0000000749800000| PB 0x0000000749800000| Complete 
| 575|0x0000000749a00000, 0x0000000749c00000, 0x0000000749c00000|100%| E|CS|TAMS 0x0000000749a00000| PB 0x0000000749a00000| Complete 
| 576|0x0000000749c00000, 0x0000000749e00000, 0x0000000749e00000|100%| E|CS|TAMS 0x0000000749c00000| PB 0x0000000749c00000| Complete 
| 577|0x0000000749e00000, 0x000000074a000000, 0x000000074a000000|100%| E|CS|TAMS 0x0000000749e00000| PB 0x0000000749e00000| Complete 
| 578|0x000000074a000000, 0x000000074a200000, 0x000000074a200000|100%| E|CS|TAMS 0x000000074a000000| PB 0x000000074a000000| Complete 
| 579|0x000000074a200000, 0x000000074a400000, 0x000000074a400000|100%| E|CS|TAMS 0x000000074a200000| PB 0x000000074a200000| Complete 
| 580|0x000000074a400000, 0x000000074a600000, 0x000000074a600000|100%| E|CS|TAMS 0x000000074a400000| PB 0x000000074a400000| Complete 
| 581|0x000000074a600000, 0x000000074a800000, 0x000000074a800000|100%| E|CS|TAMS 0x000000074a600000| PB 0x000000074a600000| Complete 
| 582|0x000000074a800000, 0x000000074aa00000, 0x000000074aa00000|100%| E|CS|TAMS 0x000000074a800000| PB 0x000000074a800000| Complete 
| 583|0x000000074aa00000, 0x000000074ac00000, 0x000000074ac00000|100%| E|CS|TAMS 0x000000074aa00000| PB 0x000000074aa00000| Complete 
| 584|0x000000074ac00000, 0x000000074ae00000, 0x000000074ae00000|100%| E|CS|TAMS 0x000000074ac00000| PB 0x000000074ac00000| Complete 
| 585|0x000000074ae00000, 0x000000074b000000, 0x000000074b000000|100%| E|CS|TAMS 0x000000074ae00000| PB 0x000000074ae00000| Complete 
| 586|0x000000074b000000, 0x000000074b200000, 0x000000074b200000|100%| E|CS|TAMS 0x000000074b000000| PB 0x000000074b000000| Complete 
| 587|0x000000074b200000, 0x000000074b400000, 0x000000074b400000|100%| E|CS|TAMS 0x000000074b200000| PB 0x000000074b200000| Complete 
| 588|0x000000074b400000, 0x000000074b600000, 0x000000074b600000|100%| E|CS|TAMS 0x000000074b400000| PB 0x000000074b400000| Complete 
| 589|0x000000074b600000, 0x000000074b800000, 0x000000074b800000|100%| E|CS|TAMS 0x000000074b600000| PB 0x000000074b600000| Complete 
| 590|0x000000074b800000, 0x000000074ba00000, 0x000000074ba00000|100%| E|CS|TAMS 0x000000074b800000| PB 0x000000074b800000| Complete 
| 591|0x000000074ba00000, 0x000000074bc00000, 0x000000074bc00000|100%| E|CS|TAMS 0x000000074ba00000| PB 0x000000074ba00000| Complete 
| 592|0x000000074bc00000, 0x000000074be00000, 0x000000074be00000|100%| E|CS|TAMS 0x000000074bc00000| PB 0x000000074bc00000| Complete 
| 593|0x000000074be00000, 0x000000074c000000, 0x000000074c000000|100%| E|CS|TAMS 0x000000074be00000| PB 0x000000074be00000| Complete 
| 594|0x000000074c000000, 0x000000074c200000, 0x000000074c200000|100%| E|CS|TAMS 0x000000074c000000| PB 0x000000074c000000| Complete 
| 595|0x000000074c200000, 0x000000074c400000, 0x000000074c400000|100%| E|CS|TAMS 0x000000074c200000| PB 0x000000074c200000| Complete 
| 596|0x000000074c400000, 0x000000074c600000, 0x000000074c600000|100%| E|CS|TAMS 0x000000074c400000| PB 0x000000074c400000| Complete 
| 597|0x000000074c600000, 0x000000074c800000, 0x000000074c800000|100%| E|CS|TAMS 0x000000074c600000| PB 0x000000074c600000| Complete 
| 598|0x000000074c800000, 0x000000074ca00000, 0x000000074ca00000|100%| E|CS|TAMS 0x000000074c800000| PB 0x000000074c800000| Complete 
| 599|0x000000074ca00000, 0x000000074cc00000, 0x000000074cc00000|100%| E|CS|TAMS 0x000000074ca00000| PB 0x000000074ca00000| Complete 
| 600|0x000000074cc00000, 0x000000074ce00000, 0x000000074ce00000|100%| E|CS|TAMS 0x000000074cc00000| PB 0x000000074cc00000| Complete 
| 601|0x000000074ce00000, 0x000000074d000000, 0x000000074d000000|100%| E|CS|TAMS 0x000000074ce00000| PB 0x000000074ce00000| Complete 
| 602|0x000000074d000000, 0x000000074d200000, 0x000000074d200000|100%| E|CS|TAMS 0x000000074d000000| PB 0x000000074d000000| Complete 
| 603|0x000000074d200000, 0x000000074d400000, 0x000000074d400000|100%| E|CS|TAMS 0x000000074d200000| PB 0x000000074d200000| Complete 
| 604|0x000000074d400000, 0x000000074d600000, 0x000000074d600000|100%| E|CS|TAMS 0x000000074d400000| PB 0x000000074d400000| Complete 
| 605|0x000000074d600000, 0x000000074d800000, 0x000000074d800000|100%| E|CS|TAMS 0x000000074d600000| PB 0x000000074d600000| Complete 
| 606|0x000000074d800000, 0x000000074da00000, 0x000000074da00000|100%| E|CS|TAMS 0x000000074d800000| PB 0x000000074d800000| Complete 
| 607|0x000000074da00000, 0x000000074dc00000, 0x000000074dc00000|100%| E|CS|TAMS 0x000000074da00000| PB 0x000000074da00000| Complete 
| 608|0x000000074dc00000, 0x000000074de00000, 0x000000074de00000|100%| E|CS|TAMS 0x000000074dc00000| PB 0x000000074dc00000| Complete 
| 609|0x000000074de00000, 0x000000074e000000, 0x000000074e000000|100%| E|CS|TAMS 0x000000074de00000| PB 0x000000074de00000| Complete 
| 610|0x000000074e000000, 0x000000074e200000, 0x000000074e200000|100%| E|CS|TAMS 0x000000074e000000| PB 0x000000074e000000| Complete 
| 611|0x000000074e200000, 0x000000074e400000, 0x000000074e400000|100%| E|CS|TAMS 0x000000074e200000| PB 0x000000074e200000| Complete 
| 612|0x000000074e400000, 0x000000074e600000, 0x000000074e600000|100%| E|CS|TAMS 0x000000074e400000| PB 0x000000074e400000| Complete 
| 613|0x000000074e600000, 0x000000074e800000, 0x000000074e800000|100%| E|CS|TAMS 0x000000074e600000| PB 0x000000074e600000| Complete 
| 614|0x000000074e800000, 0x000000074ea00000, 0x000000074ea00000|100%| E|CS|TAMS 0x000000074e800000| PB 0x000000074e800000| Complete 
| 615|0x000000074ea00000, 0x000000074ec00000, 0x000000074ec00000|100%| E|CS|TAMS 0x000000074ea00000| PB 0x000000074ea00000| Complete 
| 616|0x000000074ec00000, 0x000000074ee00000, 0x000000074ee00000|100%| E|CS|TAMS 0x000000074ec00000| PB 0x000000074ec00000| Complete 
| 617|0x000000074ee00000, 0x000000074f000000, 0x000000074f000000|100%| E|CS|TAMS 0x000000074ee00000| PB 0x000000074ee00000| Complete 
| 618|0x000000074f000000, 0x000000074f200000, 0x000000074f200000|100%| E|CS|TAMS 0x000000074f000000| PB 0x000000074f000000| Complete 
| 619|0x000000074f200000, 0x000000074f400000, 0x000000074f400000|100%| E|CS|TAMS 0x000000074f200000| PB 0x000000074f200000| Complete 
| 620|0x000000074f400000, 0x000000074f600000, 0x000000074f600000|100%| E|CS|TAMS 0x000000074f400000| PB 0x000000074f400000| Complete 
| 621|0x000000074f600000, 0x000000074f800000, 0x000000074f800000|100%| E|CS|TAMS 0x000000074f600000| PB 0x000000074f600000| Complete 
| 622|0x000000074f800000, 0x000000074fa00000, 0x000000074fa00000|100%| E|CS|TAMS 0x000000074f800000| PB 0x000000074f800000| Complete 
| 623|0x000000074fa00000, 0x000000074fc00000, 0x000000074fc00000|100%| E|CS|TAMS 0x000000074fa00000| PB 0x000000074fa00000| Complete 
| 624|0x000000074fc00000, 0x000000074fe00000, 0x000000074fe00000|100%| E|CS|TAMS 0x000000074fc00000| PB 0x000000074fc00000| Complete 
| 625|0x000000074fe00000, 0x0000000750000000, 0x0000000750000000|100%| E|CS|TAMS 0x000000074fe00000| PB 0x000000074fe00000| Complete 
| 626|0x0000000750000000, 0x0000000750200000, 0x0000000750200000|100%| E|CS|TAMS 0x0000000750000000| PB 0x0000000750000000| Complete 
| 627|0x0000000750200000, 0x0000000750400000, 0x0000000750400000|100%| E|CS|TAMS 0x0000000750200000| PB 0x0000000750200000| Complete 
| 628|0x0000000750400000, 0x0000000750600000, 0x0000000750600000|100%| E|CS|TAMS 0x0000000750400000| PB 0x0000000750400000| Complete 
| 629|0x0000000750600000, 0x0000000750800000, 0x0000000750800000|100%| E|CS|TAMS 0x0000000750600000| PB 0x0000000750600000| Complete 
| 630|0x0000000750800000, 0x0000000750a00000, 0x0000000750a00000|100%| E|CS|TAMS 0x0000000750800000| PB 0x0000000750800000| Complete 
| 631|0x0000000750a00000, 0x0000000750c00000, 0x0000000750c00000|100%| E|CS|TAMS 0x0000000750a00000| PB 0x0000000750a00000| Complete 
| 632|0x0000000750c00000, 0x0000000750e00000, 0x0000000750e00000|100%| E|CS|TAMS 0x0000000750c00000| PB 0x0000000750c00000| Complete 
| 633|0x0000000750e00000, 0x0000000751000000, 0x0000000751000000|100%| E|CS|TAMS 0x0000000750e00000| PB 0x0000000750e00000| Complete 
| 634|0x0000000751000000, 0x0000000751200000, 0x0000000751200000|100%| E|CS|TAMS 0x0000000751000000| PB 0x0000000751000000| Complete 
| 635|0x0000000751200000, 0x0000000751400000, 0x0000000751400000|100%| E|CS|TAMS 0x0000000751200000| PB 0x0000000751200000| Complete 
| 636|0x0000000751400000, 0x0000000751600000, 0x0000000751600000|100%| E|CS|TAMS 0x0000000751400000| PB 0x0000000751400000| Complete 
| 637|0x0000000751600000, 0x0000000751800000, 0x0000000751800000|100%| E|CS|TAMS 0x0000000751600000| PB 0x0000000751600000| Complete 
| 638|0x0000000751800000, 0x0000000751a00000, 0x0000000751a00000|100%| E|CS|TAMS 0x0000000751800000| PB 0x0000000751800000| Complete 
| 639|0x0000000751a00000, 0x0000000751c00000, 0x0000000751c00000|100%| E|CS|TAMS 0x0000000751a00000| PB 0x0000000751a00000| Complete 
| 640|0x0000000751c00000, 0x0000000751e00000, 0x0000000751e00000|100%| E|CS|TAMS 0x0000000751c00000| PB 0x0000000751c00000| Complete 
| 641|0x0000000751e00000, 0x0000000752000000, 0x0000000752000000|100%| E|CS|TAMS 0x0000000751e00000| PB 0x0000000751e00000| Complete 
| 642|0x0000000752000000, 0x0000000752200000, 0x0000000752200000|100%| E|CS|TAMS 0x0000000752000000| PB 0x0000000752000000| Complete 
| 643|0x0000000752200000, 0x0000000752400000, 0x0000000752400000|100%| E|CS|TAMS 0x0000000752200000| PB 0x0000000752200000| Complete 
| 644|0x0000000752400000, 0x0000000752600000, 0x0000000752600000|100%| E|CS|TAMS 0x0000000752400000| PB 0x0000000752400000| Complete 
| 645|0x0000000752600000, 0x0000000752800000, 0x0000000752800000|100%| E|CS|TAMS 0x0000000752600000| PB 0x0000000752600000| Complete 
| 646|0x0000000752800000, 0x0000000752a00000, 0x0000000752a00000|100%| E|CS|TAMS 0x0000000752800000| PB 0x0000000752800000| Complete 
| 647|0x0000000752a00000, 0x0000000752c00000, 0x0000000752c00000|100%| E|CS|TAMS 0x0000000752a00000| PB 0x0000000752a00000| Complete 
| 648|0x0000000752c00000, 0x0000000752e00000, 0x0000000752e00000|100%| E|CS|TAMS 0x0000000752c00000| PB 0x0000000752c00000| Complete 
| 649|0x0000000752e00000, 0x0000000753000000, 0x0000000753000000|100%| E|CS|TAMS 0x0000000752e00000| PB 0x0000000752e00000| Complete 
| 650|0x0000000753000000, 0x0000000753200000, 0x0000000753200000|100%| E|CS|TAMS 0x0000000753000000| PB 0x0000000753000000| Complete 
| 651|0x0000000753200000, 0x0000000753400000, 0x0000000753400000|100%| E|CS|TAMS 0x0000000753200000| PB 0x0000000753200000| Complete 
| 652|0x0000000753400000, 0x0000000753600000, 0x0000000753600000|100%| E|CS|TAMS 0x0000000753400000| PB 0x0000000753400000| Complete 
| 653|0x0000000753600000, 0x0000000753800000, 0x0000000753800000|100%| E|CS|TAMS 0x0000000753600000| PB 0x0000000753600000| Complete 
| 654|0x0000000753800000, 0x0000000753a00000, 0x0000000753a00000|100%| E|CS|TAMS 0x0000000753800000| PB 0x0000000753800000| Complete 
| 655|0x0000000753a00000, 0x0000000753c00000, 0x0000000753c00000|100%| E|CS|TAMS 0x0000000753a00000| PB 0x0000000753a00000| Complete 
| 656|0x0000000753c00000, 0x0000000753e00000, 0x0000000753e00000|100%| E|CS|TAMS 0x0000000753c00000| PB 0x0000000753c00000| Complete 
| 657|0x0000000753e00000, 0x0000000754000000, 0x0000000754000000|100%| E|CS|TAMS 0x0000000753e00000| PB 0x0000000753e00000| Complete 
| 658|0x0000000754000000, 0x0000000754200000, 0x0000000754200000|100%| E|CS|TAMS 0x0000000754000000| PB 0x0000000754000000| Complete 
| 659|0x0000000754200000, 0x0000000754400000, 0x0000000754400000|100%| E|CS|TAMS 0x0000000754200000| PB 0x0000000754200000| Complete 
| 660|0x0000000754400000, 0x0000000754600000, 0x0000000754600000|100%| E|CS|TAMS 0x0000000754400000| PB 0x0000000754400000| Complete 
| 661|0x0000000754600000, 0x0000000754800000, 0x0000000754800000|100%| E|CS|TAMS 0x0000000754600000| PB 0x0000000754600000| Complete 
| 662|0x0000000754800000, 0x0000000754a00000, 0x0000000754a00000|100%| E|CS|TAMS 0x0000000754800000| PB 0x0000000754800000| Complete 
| 663|0x0000000754a00000, 0x0000000754c00000, 0x0000000754c00000|100%| E|CS|TAMS 0x0000000754a00000| PB 0x0000000754a00000| Complete 
| 664|0x0000000754c00000, 0x0000000754e00000, 0x0000000754e00000|100%| E|CS|TAMS 0x0000000754c00000| PB 0x0000000754c00000| Complete 
| 665|0x0000000754e00000, 0x0000000755000000, 0x0000000755000000|100%| E|CS|TAMS 0x0000000754e00000| PB 0x0000000754e00000| Complete 
| 666|0x0000000755000000, 0x0000000755200000, 0x0000000755200000|100%| E|CS|TAMS 0x0000000755000000| PB 0x0000000755000000| Complete 
| 667|0x0000000755200000, 0x0000000755400000, 0x0000000755400000|100%| E|CS|TAMS 0x0000000755200000| PB 0x0000000755200000| Complete 
| 668|0x0000000755400000, 0x0000000755600000, 0x0000000755600000|100%| E|CS|TAMS 0x0000000755400000| PB 0x0000000755400000| Complete 
| 669|0x0000000755600000, 0x0000000755800000, 0x0000000755800000|100%| E|CS|TAMS 0x0000000755600000| PB 0x0000000755600000| Complete 
| 670|0x0000000755800000, 0x0000000755a00000, 0x0000000755a00000|100%| E|CS|TAMS 0x0000000755800000| PB 0x0000000755800000| Complete 
| 671|0x0000000755a00000, 0x0000000755c00000, 0x0000000755c00000|100%| E|CS|TAMS 0x0000000755a00000| PB 0x0000000755a00000| Complete 
| 672|0x0000000755c00000, 0x0000000755e00000, 0x0000000755e00000|100%| E|CS|TAMS 0x0000000755c00000| PB 0x0000000755c00000| Complete 
| 673|0x0000000755e00000, 0x0000000756000000, 0x0000000756000000|100%| E|CS|TAMS 0x0000000755e00000| PB 0x0000000755e00000| Complete 
| 674|0x0000000756000000, 0x0000000756200000, 0x0000000756200000|100%| E|CS|TAMS 0x0000000756000000| PB 0x0000000756000000| Complete 
| 675|0x0000000756200000, 0x0000000756400000, 0x0000000756400000|100%| E|CS|TAMS 0x0000000756200000| PB 0x0000000756200000| Complete 
| 676|0x0000000756400000, 0x0000000756600000, 0x0000000756600000|100%| E|CS|TAMS 0x0000000756400000| PB 0x0000000756400000| Complete 
| 677|0x0000000756600000, 0x0000000756800000, 0x0000000756800000|100%| E|CS|TAMS 0x0000000756600000| PB 0x0000000756600000| Complete 
| 678|0x0000000756800000, 0x0000000756a00000, 0x0000000756a00000|100%| E|CS|TAMS 0x0000000756800000| PB 0x0000000756800000| Complete 
| 679|0x0000000756a00000, 0x0000000756b9b7a8, 0x0000000756c00000| 80%| E|CS|TAMS 0x0000000756a00000| PB 0x0000000756a00000| Complete 
| 680|0x0000000756c00000, 0x0000000756e00000, 0x0000000756e00000|100%| E|CS|TAMS 0x0000000756c00000| PB 0x0000000756c00000| Complete 
| 681|0x0000000756e00000, 0x0000000757000000, 0x0000000757000000|100%| E|CS|TAMS 0x0000000756e00000| PB 0x0000000756e00000| Complete 
| 682|0x0000000757000000, 0x0000000757200000, 0x0000000757200000|100%| E|CS|TAMS 0x0000000757000000| PB 0x0000000757000000| Complete 
| 683|0x0000000757200000, 0x0000000757400000, 0x0000000757400000|100%| S|  |TAMS 0x0000000757200000| PB 0x0000000757200000| Complete 
| 684|0x0000000757400000, 0x0000000757600000, 0x0000000757600000|100%| S|  |TAMS 0x0000000757400000| PB 0x0000000757400000| Complete 
| 685|0x0000000757600000, 0x0000000757800000, 0x0000000757800000|100%| S|  |TAMS 0x0000000757600000| PB 0x0000000757600000| Complete 
| 686|0x0000000757800000, 0x0000000757a00000, 0x0000000757a00000|100%| S|  |TAMS 0x0000000757800000| PB 0x0000000757800000| Complete 
| 687|0x0000000757a00000, 0x0000000757c00000, 0x0000000757c00000|100%| S|  |TAMS 0x0000000757a00000| PB 0x0000000757a00000| Complete 
| 688|0x0000000757c00000, 0x0000000757e00000, 0x0000000757e00000|100%| S|  |TAMS 0x0000000757c00000| PB 0x0000000757c00000| Complete 
| 689|0x0000000757e00000, 0x0000000758000000, 0x0000000758000000|100%| S|  |TAMS 0x0000000757e00000| PB 0x0000000757e00000| Complete 
| 690|0x0000000758000000, 0x0000000758200000, 0x0000000758200000|100%| S|  |TAMS 0x0000000758000000| PB 0x0000000758000000| Complete 
| 691|0x0000000758200000, 0x0000000758400000, 0x0000000758400000|100%| S|  |TAMS 0x0000000758200000| PB 0x0000000758200000| Complete 
| 692|0x0000000758400000, 0x0000000758600000, 0x0000000758600000|100%| S|  |TAMS 0x0000000758400000| PB 0x0000000758400000| Complete 
| 693|0x0000000758600000, 0x0000000758800000, 0x0000000758800000|100%| S|  |TAMS 0x0000000758600000| PB 0x0000000758600000| Complete 
| 694|0x0000000758800000, 0x0000000758a00000, 0x0000000758a00000|100%| S|  |TAMS 0x0000000758800000| PB 0x0000000758800000| Complete 
| 695|0x0000000758a00000, 0x0000000758c00000, 0x0000000758c00000|100%| S|  |TAMS 0x0000000758a00000| PB 0x0000000758a00000| Complete 
| 696|0x0000000758c00000, 0x0000000758e00000, 0x0000000758e00000|100%| S|  |TAMS 0x0000000758c00000| PB 0x0000000758c00000| Complete 
| 697|0x0000000758e00000, 0x0000000759000000, 0x0000000759000000|100%| S|  |TAMS 0x0000000758e00000| PB 0x0000000758e00000| Complete 
| 698|0x0000000759000000, 0x0000000759200000, 0x0000000759200000|100%| S|  |TAMS 0x0000000759000000| PB 0x0000000759000000| Complete 
| 699|0x0000000759200000, 0x0000000759400000, 0x0000000759400000|100%| S|  |TAMS 0x0000000759200000| PB 0x0000000759200000| Complete 
| 700|0x0000000759400000, 0x0000000759600000, 0x0000000759600000|100%| S|  |TAMS 0x0000000759400000| PB 0x0000000759400000| Complete 
| 701|0x0000000759600000, 0x0000000759800000, 0x0000000759800000|100%| S|  |TAMS 0x0000000759600000| PB 0x0000000759600000| Complete 
| 702|0x0000000759800000, 0x0000000759a00000, 0x0000000759a00000|100%| S|  |TAMS 0x0000000759800000| PB 0x0000000759800000| Complete 
| 703|0x0000000759a00000, 0x0000000759c00000, 0x0000000759c00000|100%| S|  |TAMS 0x0000000759a00000| PB 0x0000000759a00000| Complete 
| 704|0x0000000759c00000, 0x0000000759e00000, 0x0000000759e00000|100%| S|  |TAMS 0x0000000759c00000| PB 0x0000000759c00000| Complete 
| 705|0x0000000759e00000, 0x000000075a000000, 0x000000075a000000|100%| S|  |TAMS 0x0000000759e00000| PB 0x0000000759e00000| Complete 
| 706|0x000000075a000000, 0x000000075a200000, 0x000000075a200000|100%| S|  |TAMS 0x000000075a000000| PB 0x000000075a000000| Complete 
| 707|0x000000075a200000, 0x000000075a400000, 0x000000075a400000|100%| S|  |TAMS 0x000000075a200000| PB 0x000000075a200000| Complete 
| 708|0x000000075a400000, 0x000000075a600000, 0x000000075a600000|100%| S|  |TAMS 0x000000075a400000| PB 0x000000075a400000| Complete 
| 709|0x000000075a600000, 0x000000075a800000, 0x000000075a800000|100%| S|  |TAMS 0x000000075a600000| PB 0x000000075a600000| Complete 
| 710|0x000000075a800000, 0x000000075aa00000, 0x000000075aa00000|100%| S|  |TAMS 0x000000075a800000| PB 0x000000075a800000| Complete 
| 711|0x000000075aa00000, 0x000000075ac00000, 0x000000075ac00000|100%| S|  |TAMS 0x000000075aa00000| PB 0x000000075aa00000| Complete 
| 712|0x000000075ac00000, 0x000000075ae00000, 0x000000075ae00000|100%| S|  |TAMS 0x000000075ac00000| PB 0x000000075ac00000| Complete 
| 713|0x000000075ae00000, 0x000000075b000000, 0x000000075b000000|100%| S|  |TAMS 0x000000075ae00000| PB 0x000000075ae00000| Complete 
| 714|0x000000075b000000, 0x000000075b200000, 0x000000075b200000|100%| S|  |TAMS 0x000000075b000000| PB 0x000000075b000000| Complete 
| 715|0x000000075b200000, 0x000000075b400000, 0x000000075b400000|100%| S|  |TAMS 0x000000075b200000| PB 0x000000075b200000| Complete 
| 716|0x000000075b400000, 0x000000075b600000, 0x000000075b600000|100%| S|  |TAMS 0x000000075b400000| PB 0x000000075b400000| Complete 
| 717|0x000000075b600000, 0x000000075b800000, 0x000000075b800000|100%| S|  |TAMS 0x000000075b600000| PB 0x000000075b600000| Complete 
| 718|0x000000075b800000, 0x000000075ba00000, 0x000000075ba00000|100%| S|  |TAMS 0x000000075b800000| PB 0x000000075b800000| Complete 
| 719|0x000000075ba00000, 0x000000075bc00000, 0x000000075bc00000|100%| S|  |TAMS 0x000000075ba00000| PB 0x000000075ba00000| Complete 
| 720|0x000000075bc00000, 0x000000075be00000, 0x000000075be00000|100%| S|  |TAMS 0x000000075bc00000| PB 0x000000075bc00000| Complete 
| 721|0x000000075be00000, 0x000000075c000000, 0x000000075c000000|100%| S|  |TAMS 0x000000075be00000| PB 0x000000075be00000| Complete 
| 722|0x000000075c000000, 0x000000075c200000, 0x000000075c200000|100%| S|  |TAMS 0x000000075c000000| PB 0x000000075c000000| Complete 
| 723|0x000000075c200000, 0x000000075c400000, 0x000000075c400000|100%| S|  |TAMS 0x000000075c200000| PB 0x000000075c200000| Complete 
|1685|0x00000007d4600000, 0x00000007d4800000, 0x00000007d4800000|100%| O|  |TAMS 0x00000007d4600000| PB 0x00000007d4600000| Untracked 
|1686|0x00000007d4800000, 0x00000007d4a00000, 0x00000007d4a00000|100%| O|  |TAMS 0x00000007d4800000| PB 0x00000007d4800000| Untracked 
|1687|0x00000007d4a00000, 0x00000007d4c00000, 0x00000007d4c00000|100%| O|  |TAMS 0x00000007d4a00000| PB 0x00000007d4a00000| Untracked 
|1688|0x00000007d4c00000, 0x00000007d4e00000, 0x00000007d4e00000|100%| O|  |TAMS 0x00000007d4c00000| PB 0x00000007d4c00000| Untracked 
|1689|0x00000007d4e00000, 0x00000007d5000000, 0x00000007d5000000|100%| O|  |TAMS 0x00000007d4e00000| PB 0x00000007d4e00000| Untracked 
|1690|0x00000007d5000000, 0x00000007d5200000, 0x00000007d5200000|100%| O|  |TAMS 0x00000007d5000000| PB 0x00000007d5000000| Untracked 
|1691|0x00000007d5200000, 0x00000007d5400000, 0x00000007d5400000|100%| O|  |TAMS 0x00000007d5200000| PB 0x00000007d5200000| Untracked 
|1692|0x00000007d5400000, 0x00000007d5600000, 0x00000007d5600000|100%| O|  |TAMS 0x00000007d5400000| PB 0x00000007d5400000| Untracked 
|1693|0x00000007d5600000, 0x00000007d5800000, 0x00000007d5800000|100%| O|  |TAMS 0x00000007d5600000| PB 0x00000007d5600000| Untracked 
|1694|0x00000007d5800000, 0x00000007d5a00000, 0x00000007d5a00000|100%| O|  |TAMS 0x00000007d5800000| PB 0x00000007d5800000| Untracked 
|1695|0x00000007d5a00000, 0x00000007d5c00000, 0x00000007d5c00000|100%| O|  |TAMS 0x00000007d5a00000| PB 0x00000007d5a00000| Untracked 
|1696|0x00000007d5c00000, 0x00000007d5e00000, 0x00000007d5e00000|100%| O|  |TAMS 0x00000007d5c00000| PB 0x00000007d5c00000| Untracked 
|1697|0x00000007d5e00000, 0x00000007d6000000, 0x00000007d6000000|100%| O|  |TAMS 0x00000007d5e00000| PB 0x00000007d5e00000| Untracked 
|1698|0x00000007d6000000, 0x00000007d6200000, 0x00000007d6200000|100%| O|  |TAMS 0x00000007d6000000| PB 0x00000007d6000000| Untracked 
|1699|0x00000007d6200000, 0x00000007d6400000, 0x00000007d6400000|100%| O|  |TAMS 0x00000007d6200000| PB 0x00000007d6200000| Untracked 
|1700|0x00000007d6400000, 0x00000007d6600000, 0x00000007d6600000|100%| O|  |TAMS 0x00000007d6400000| PB 0x00000007d6400000| Untracked 
|1701|0x00000007d6600000, 0x00000007d6800000, 0x00000007d6800000|100%| O|  |TAMS 0x00000007d6600000| PB 0x00000007d6600000| Untracked 
|1702|0x00000007d6800000, 0x00000007d6a00000, 0x00000007d6a00000|100%| O|  |TAMS 0x00000007d6800000| PB 0x00000007d6800000| Untracked 
|1703|0x00000007d6a00000, 0x00000007d6c00000, 0x00000007d6c00000|100%| O|  |TAMS 0x00000007d6a00000| PB 0x00000007d6a00000| Untracked 
|1704|0x00000007d6c00000, 0x00000007d6e00000, 0x00000007d6e00000|100%| O|  |TAMS 0x00000007d6c00000| PB 0x00000007d6c00000| Untracked 
|1705|0x00000007d6e00000, 0x00000007d7000000, 0x00000007d7000000|100%| O|  |TAMS 0x00000007d6e00000| PB 0x00000007d6e00000| Untracked 
|1706|0x00000007d7000000, 0x00000007d7200000, 0x00000007d7200000|100%| O|  |TAMS 0x00000007d7000000| PB 0x00000007d7000000| Untracked 
|1707|0x00000007d7200000, 0x00000007d7400000, 0x00000007d7400000|100%| O|  |TAMS 0x00000007d7200000| PB 0x00000007d7200000| Untracked 
|1708|0x00000007d7400000, 0x00000007d7600000, 0x00000007d7600000|100%| O|  |TAMS 0x00000007d7400000| PB 0x00000007d7400000| Untracked 
|1709|0x00000007d7600000, 0x00000007d7800000, 0x00000007d7800000|100%| O|  |TAMS 0x00000007d7600000| PB 0x00000007d7600000| Untracked 
|1710|0x00000007d7800000, 0x00000007d7a00000, 0x00000007d7a00000|100%| O|  |TAMS 0x00000007d7800000| PB 0x00000007d7800000| Untracked 
|1711|0x00000007d7a00000, 0x00000007d7c00000, 0x00000007d7c00000|100%| O|  |TAMS 0x00000007d7a00000| PB 0x00000007d7a00000| Untracked 
|1712|0x00000007d7c00000, 0x00000007d7e00000, 0x00000007d7e00000|100%| O|  |TAMS 0x00000007d7c00000| PB 0x00000007d7c00000| Untracked 
|1713|0x00000007d7e00000, 0x00000007d8000000, 0x00000007d8000000|100%| O|  |TAMS 0x00000007d7e00000| PB 0x00000007d7e00000| Untracked 
|1714|0x00000007d8000000, 0x00000007d8200000, 0x00000007d8200000|100%| O|  |TAMS 0x00000007d8000000| PB 0x00000007d8000000| Untracked 
|1715|0x00000007d8200000, 0x00000007d8400000, 0x00000007d8400000|100%| O|  |TAMS 0x00000007d8200000| PB 0x00000007d8200000| Untracked 
|1716|0x00000007d8400000, 0x00000007d8600000, 0x00000007d8600000|100%| O|  |TAMS 0x00000007d8400000| PB 0x00000007d8400000| Untracked 
|1717|0x00000007d8600000, 0x00000007d8800000, 0x00000007d8800000|100%| O|  |TAMS 0x00000007d8600000| PB 0x00000007d8600000| Untracked 
|1718|0x00000007d8800000, 0x00000007d8a00000, 0x00000007d8a00000|100%| O|  |TAMS 0x00000007d8800000| PB 0x00000007d8800000| Untracked 
|1719|0x00000007d8a00000, 0x00000007d8c00000, 0x00000007d8c00000|100%| O|  |TAMS 0x00000007d8a00000| PB 0x00000007d8a00000| Untracked 
|1720|0x00000007d8c00000, 0x00000007d8e00000, 0x00000007d8e00000|100%| O|  |TAMS 0x00000007d8c00000| PB 0x00000007d8c00000| Untracked 
|1721|0x00000007d8e00000, 0x00000007d9000000, 0x00000007d9000000|100%| O|  |TAMS 0x00000007d8e00000| PB 0x00000007d8e00000| Untracked 
|1722|0x00000007d9000000, 0x00000007d9200000, 0x00000007d9200000|100%| O|  |TAMS 0x00000007d9000000| PB 0x00000007d9000000| Untracked 
|1723|0x00000007d9200000, 0x00000007d9400000, 0x00000007d9400000|100%| O|  |TAMS 0x00000007d9200000| PB 0x00000007d9200000| Untracked 
|1724|0x00000007d9400000, 0x00000007d9600000, 0x00000007d9600000|100%| O|  |TAMS 0x00000007d9400000| PB 0x00000007d9400000| Untracked 
|1725|0x00000007d9600000, 0x00000007d9800000, 0x00000007d9800000|100%| O|  |TAMS 0x00000007d9600000| PB 0x00000007d9600000| Untracked 
|1726|0x00000007d9800000, 0x00000007d9a00000, 0x00000007d9a00000|100%| O|  |TAMS 0x00000007d9800000| PB 0x00000007d9800000| Untracked 
|1727|0x00000007d9a00000, 0x00000007d9c00000, 0x00000007d9c00000|100%| O|  |TAMS 0x00000007d9a00000| PB 0x00000007d9a00000| Untracked 
|1728|0x00000007d9c00000, 0x00000007d9e00000, 0x00000007d9e00000|100%| O|  |TAMS 0x00000007d9c00000| PB 0x00000007d9c00000| Untracked 
|1729|0x00000007d9e00000, 0x00000007da000000, 0x00000007da000000|100%| O|  |TAMS 0x00000007d9e00000| PB 0x00000007d9e00000| Untracked 
|1730|0x00000007da000000, 0x00000007da200000, 0x00000007da200000|100%| O|  |TAMS 0x00000007da000000| PB 0x00000007da000000| Untracked 
|1731|0x00000007da200000, 0x00000007da400000, 0x00000007da400000|100%| O|  |TAMS 0x00000007da200000| PB 0x00000007da200000| Untracked 
|1732|0x00000007da400000, 0x00000007da600000, 0x00000007da600000|100%| O|  |TAMS 0x00000007da400000| PB 0x00000007da400000| Untracked 
|1733|0x00000007da600000, 0x00000007da800000, 0x00000007da800000|100%| O|  |TAMS 0x00000007da600000| PB 0x00000007da600000| Untracked 
|1734|0x00000007da800000, 0x00000007daa00000, 0x00000007daa00000|100%| O|  |TAMS 0x00000007da800000| PB 0x00000007da800000| Untracked 
|1735|0x00000007daa00000, 0x00000007dac00000, 0x00000007dac00000|100%| O|  |TAMS 0x00000007daa00000| PB 0x00000007daa00000| Untracked 
|1736|0x00000007dac00000, 0x00000007dae00000, 0x00000007dae00000|100%| O|  |TAMS 0x00000007dac00000| PB 0x00000007dac00000| Untracked 
|1737|0x00000007dae00000, 0x00000007db000000, 0x00000007db000000|100%| O|  |TAMS 0x00000007dae00000| PB 0x00000007dae00000| Untracked 
|1738|0x00000007db000000, 0x00000007db200000, 0x00000007db200000|100%| O|  |TAMS 0x00000007db000000| PB 0x00000007db000000| Untracked 
|1739|0x00000007db200000, 0x00000007db400000, 0x00000007db400000|100%| O|  |TAMS 0x00000007db200000| PB 0x00000007db200000| Untracked 
|1740|0x00000007db400000, 0x00000007db600000, 0x00000007db600000|100%| O|  |TAMS 0x00000007db400000| PB 0x00000007db400000| Untracked 
|1741|0x00000007db600000, 0x00000007db800000, 0x00000007db800000|100%| O|  |TAMS 0x00000007db600000| PB 0x00000007db600000| Untracked 
|1742|0x00000007db800000, 0x00000007dba00000, 0x00000007dba00000|100%| O|  |TAMS 0x00000007db800000| PB 0x00000007db800000| Untracked 
|1743|0x00000007dba00000, 0x00000007dbc00000, 0x00000007dbc00000|100%| O|  |TAMS 0x00000007dba00000| PB 0x00000007dba00000| Untracked 
|1744|0x00000007dbc00000, 0x00000007dbe00000, 0x00000007dbe00000|100%| O|  |TAMS 0x00000007dbc00000| PB 0x00000007dbc00000| Untracked 
|1745|0x00000007dbe00000, 0x00000007dc000000, 0x00000007dc000000|100%| O|  |TAMS 0x00000007dbe00000| PB 0x00000007dbe00000| Untracked 
|1746|0x00000007dc000000, 0x00000007dc200000, 0x00000007dc200000|100%| O|  |TAMS 0x00000007dc000000| PB 0x00000007dc000000| Untracked 
|1747|0x00000007dc200000, 0x00000007dc400000, 0x00000007dc400000|100%| O|  |TAMS 0x00000007dc200000| PB 0x00000007dc200000| Untracked 
|1748|0x00000007dc400000, 0x00000007dc600000, 0x00000007dc600000|100%| O|  |TAMS 0x00000007dc400000| PB 0x00000007dc400000| Untracked 
|1749|0x00000007dc600000, 0x00000007dc800000, 0x00000007dc800000|100%| O|  |TAMS 0x00000007dc600000| PB 0x00000007dc600000| Untracked 
|1750|0x00000007dc800000, 0x00000007dca00000, 0x00000007dca00000|100%| O|  |TAMS 0x00000007dc800000| PB 0x00000007dc800000| Untracked 
|1751|0x00000007dca00000, 0x00000007dcc00000, 0x00000007dcc00000|100%| O|  |TAMS 0x00000007dca00000| PB 0x00000007dca00000| Untracked 
|1752|0x00000007dcc00000, 0x00000007dce00000, 0x00000007dce00000|100%| O|  |TAMS 0x00000007dcc00000| PB 0x00000007dcc00000| Untracked 
|1753|0x00000007dce00000, 0x00000007dd000000, 0x00000007dd000000|100%| O|  |TAMS 0x00000007dce00000| PB 0x00000007dce00000| Untracked 
|1754|0x00000007dd000000, 0x00000007dd200000, 0x00000007dd200000|100%| O|  |TAMS 0x00000007dd000000| PB 0x00000007dd000000| Untracked 
|1755|0x00000007dd200000, 0x00000007dd400000, 0x00000007dd400000|100%| O|  |TAMS 0x00000007dd200000| PB 0x00000007dd200000| Untracked 
|1756|0x00000007dd400000, 0x00000007dd600000, 0x00000007dd600000|100%| O|  |TAMS 0x00000007dd400000| PB 0x00000007dd400000| Untracked 
|1757|0x00000007dd600000, 0x00000007dd800000, 0x00000007dd800000|100%| O|  |TAMS 0x00000007dd600000| PB 0x00000007dd600000| Untracked 
|1758|0x00000007dd800000, 0x00000007dda00000, 0x00000007dda00000|100%| O|  |TAMS 0x00000007dd800000| PB 0x00000007dd800000| Untracked 
|1759|0x00000007dda00000, 0x00000007ddc00000, 0x00000007ddc00000|100%| O|  |TAMS 0x00000007dda00000| PB 0x00000007dda00000| Untracked 
|1760|0x00000007ddc00000, 0x00000007dde00000, 0x00000007dde00000|100%| O|  |TAMS 0x00000007ddc00000| PB 0x00000007ddc00000| Untracked 
|1761|0x00000007dde00000, 0x00000007de000000, 0x00000007de000000|100%| O|  |TAMS 0x00000007dde00000| PB 0x00000007dde00000| Untracked 
|1762|0x00000007de000000, 0x00000007de200000, 0x00000007de200000|100%| O|  |TAMS 0x00000007de000000| PB 0x00000007de000000| Untracked 
|1763|0x00000007de200000, 0x00000007de400000, 0x00000007de400000|100%| O|  |TAMS 0x00000007de200000| PB 0x00000007de200000| Untracked 
|1764|0x00000007de400000, 0x00000007de600000, 0x00000007de600000|100%| O|  |TAMS 0x00000007de400000| PB 0x00000007de400000| Untracked 
|1765|0x00000007de600000, 0x00000007de800000, 0x00000007de800000|100%| O|  |TAMS 0x00000007de600000| PB 0x00000007de600000| Untracked 
|1766|0x00000007de800000, 0x00000007dea00000, 0x00000007dea00000|100%| O|  |TAMS 0x00000007de800000| PB 0x00000007de800000| Untracked 
|1767|0x00000007dea00000, 0x00000007dec00000, 0x00000007dec00000|100%| O|  |TAMS 0x00000007dea00000| PB 0x00000007dea00000| Untracked 
|1768|0x00000007dec00000, 0x00000007dee00000, 0x00000007dee00000|100%| O|  |TAMS 0x00000007dec00000| PB 0x00000007dec00000| Untracked 
|1769|0x00000007dee00000, 0x00000007df000000, 0x00000007df000000|100%| O|  |TAMS 0x00000007dee00000| PB 0x00000007dee00000| Untracked 
|1770|0x00000007df000000, 0x00000007df200000, 0x00000007df200000|100%| O|  |TAMS 0x00000007df000000| PB 0x00000007df000000| Untracked 
|1771|0x00000007df200000, 0x00000007df400000, 0x00000007df400000|100%| O|  |TAMS 0x00000007df200000| PB 0x00000007df200000| Untracked 
|1772|0x00000007df400000, 0x00000007df600000, 0x00000007df600000|100%| O|  |TAMS 0x00000007df400000| PB 0x00000007df400000| Untracked 
|1773|0x00000007df600000, 0x00000007df800000, 0x00000007df800000|100%| O|  |TAMS 0x00000007df600000| PB 0x00000007df600000| Untracked 
|1774|0x00000007df800000, 0x00000007dfa00000, 0x00000007dfa00000|100%| O|  |TAMS 0x00000007df800000| PB 0x00000007df800000| Untracked 
|1775|0x00000007dfa00000, 0x00000007dfc00000, 0x00000007dfc00000|100%| O|  |TAMS 0x00000007dfa00000| PB 0x00000007dfa00000| Untracked 
|1776|0x00000007dfc00000, 0x00000007dfe00000, 0x00000007dfe00000|100%| O|  |TAMS 0x00000007dfc00000| PB 0x00000007dfc00000| Untracked 
|1777|0x00000007dfe00000, 0x00000007e0000000, 0x00000007e0000000|100%| O|  |TAMS 0x00000007dfe00000| PB 0x00000007dfe00000| Untracked 
|1778|0x00000007e0000000, 0x00000007e0200000, 0x00000007e0200000|100%| O|  |TAMS 0x00000007e0000000| PB 0x00000007e0000000| Untracked 
|1779|0x00000007e0200000, 0x00000007e0400000, 0x00000007e0400000|100%| O|  |TAMS 0x00000007e0200000| PB 0x00000007e0200000| Untracked 
|1780|0x00000007e0400000, 0x00000007e0600000, 0x00000007e0600000|100%| O|  |TAMS 0x00000007e0400000| PB 0x00000007e0400000| Untracked 
|1781|0x00000007e0600000, 0x00000007e0800000, 0x00000007e0800000|100%| O|  |TAMS 0x00000007e0600000| PB 0x00000007e0600000| Untracked 
|1782|0x00000007e0800000, 0x00000007e0a00000, 0x00000007e0a00000|100%| O|  |TAMS 0x00000007e0800000| PB 0x00000007e0800000| Untracked 
|1783|0x00000007e0a00000, 0x00000007e0c00000, 0x00000007e0c00000|100%| O|  |TAMS 0x00000007e0a00000| PB 0x00000007e0a00000| Untracked 
|1784|0x00000007e0c00000, 0x00000007e0e00000, 0x00000007e0e00000|100%| O|  |TAMS 0x00000007e0c00000| PB 0x00000007e0c00000| Untracked 
|1785|0x00000007e0e00000, 0x00000007e1000000, 0x00000007e1000000|100%| O|  |TAMS 0x00000007e0e00000| PB 0x00000007e0e00000| Untracked 
|1786|0x00000007e1000000, 0x00000007e1200000, 0x00000007e1200000|100%| O|  |TAMS 0x00000007e1000000| PB 0x00000007e1000000| Untracked 
|1787|0x00000007e1200000, 0x00000007e1400000, 0x00000007e1400000|100%| O|  |TAMS 0x00000007e1200000| PB 0x00000007e1200000| Untracked 
|1788|0x00000007e1400000, 0x00000007e1600000, 0x00000007e1600000|100%| O|  |TAMS 0x00000007e1400000| PB 0x00000007e1400000| Untracked 
|1789|0x00000007e1600000, 0x00000007e1800000, 0x00000007e1800000|100%| O|  |TAMS 0x00000007e1600000| PB 0x00000007e1600000| Untracked 
|1790|0x00000007e1800000, 0x00000007e1a00000, 0x00000007e1a00000|100%| O|  |TAMS 0x00000007e1800000| PB 0x00000007e1800000| Untracked 
|1791|0x00000007e1a00000, 0x00000007e1c00000, 0x00000007e1c00000|100%| O|  |TAMS 0x00000007e1a00000| PB 0x00000007e1a00000| Untracked 
|1792|0x00000007e1c00000, 0x00000007e1e00000, 0x00000007e1e00000|100%| O|  |TAMS 0x00000007e1c00000| PB 0x00000007e1c00000| Untracked 
|1793|0x00000007e1e00000, 0x00000007e2000000, 0x00000007e2000000|100%| O|  |TAMS 0x00000007e1e00000| PB 0x00000007e1e00000| Untracked 
|1794|0x00000007e2000000, 0x00000007e2200000, 0x00000007e2200000|100%| O|  |TAMS 0x00000007e2000000| PB 0x00000007e2000000| Untracked 
|1795|0x00000007e2200000, 0x00000007e2400000, 0x00000007e2400000|100%| O|  |TAMS 0x00000007e2200000| PB 0x00000007e2200000| Untracked 
|1796|0x00000007e2400000, 0x00000007e2600000, 0x00000007e2600000|100%| O|  |TAMS 0x00000007e2400000| PB 0x00000007e2400000| Untracked 
|1797|0x00000007e2600000, 0x00000007e2800000, 0x00000007e2800000|100%| O|  |TAMS 0x00000007e2600000| PB 0x00000007e2600000| Untracked 
|1798|0x00000007e2800000, 0x00000007e2a00000, 0x00000007e2a00000|100%| O|  |TAMS 0x00000007e2800000| PB 0x00000007e2800000| Untracked 
|1799|0x00000007e2a00000, 0x00000007e2c00000, 0x00000007e2c00000|100%| O|  |TAMS 0x00000007e2a00000| PB 0x00000007e2a00000| Untracked 
|1800|0x00000007e2c00000, 0x00000007e2e00000, 0x00000007e2e00000|100%| O|  |TAMS 0x00000007e2c00000| PB 0x00000007e2c00000| Untracked 
|1801|0x00000007e2e00000, 0x00000007e3000000, 0x00000007e3000000|100%| O|  |TAMS 0x00000007e2e00000| PB 0x00000007e2e00000| Untracked 
|1802|0x00000007e3000000, 0x00000007e3200000, 0x00000007e3200000|100%| O|  |TAMS 0x00000007e3000000| PB 0x00000007e3000000| Untracked 
|1803|0x00000007e3200000, 0x00000007e3400000, 0x00000007e3400000|100%| O|  |TAMS 0x00000007e3200000| PB 0x00000007e3200000| Untracked 
|1804|0x00000007e3400000, 0x00000007e3600000, 0x00000007e3600000|100%| O|  |TAMS 0x00000007e3400000| PB 0x00000007e3400000| Untracked 
|1805|0x00000007e3600000, 0x00000007e3800000, 0x00000007e3800000|100%| O|  |TAMS 0x00000007e3600000| PB 0x00000007e3600000| Untracked 
|1806|0x00000007e3800000, 0x00000007e3a00000, 0x00000007e3a00000|100%| O|  |TAMS 0x00000007e3800000| PB 0x00000007e3800000| Untracked 
|1807|0x00000007e3a00000, 0x00000007e3c00000, 0x00000007e3c00000|100%| O|  |TAMS 0x00000007e3a00000| PB 0x00000007e3a00000| Untracked 
|1808|0x00000007e3c00000, 0x00000007e3e00000, 0x00000007e3e00000|100%| O|  |TAMS 0x00000007e3c00000| PB 0x00000007e3c00000| Untracked 
|1809|0x00000007e3e00000, 0x00000007e4000000, 0x00000007e4000000|100%| O|  |TAMS 0x00000007e3e00000| PB 0x00000007e3e00000| Untracked 
|1810|0x00000007e4000000, 0x00000007e4200000, 0x00000007e4200000|100%| O|  |TAMS 0x00000007e4000000| PB 0x00000007e4000000| Untracked 
|1811|0x00000007e4200000, 0x00000007e4400000, 0x00000007e4400000|100%| O|  |TAMS 0x00000007e4200000| PB 0x00000007e4200000| Untracked 
|1812|0x00000007e4400000, 0x00000007e4600000, 0x00000007e4600000|100%| O|  |TAMS 0x00000007e4400000| PB 0x00000007e4400000| Untracked 
|1813|0x00000007e4600000, 0x00000007e4800000, 0x00000007e4800000|100%| O|  |TAMS 0x00000007e4600000| PB 0x00000007e4600000| Untracked 
|1814|0x00000007e4800000, 0x00000007e4a00000, 0x00000007e4a00000|100%| O|  |TAMS 0x00000007e4800000| PB 0x00000007e4800000| Untracked 
|1815|0x00000007e4a00000, 0x00000007e4c00000, 0x00000007e4c00000|100%| O|  |TAMS 0x00000007e4a00000| PB 0x00000007e4a00000| Untracked 
|1816|0x00000007e4c00000, 0x00000007e4e00000, 0x00000007e4e00000|100%| O|  |TAMS 0x00000007e4c00000| PB 0x00000007e4c00000| Untracked 
|1817|0x00000007e4e00000, 0x00000007e5000000, 0x00000007e5000000|100%| O|  |TAMS 0x00000007e4e00000| PB 0x00000007e4e00000| Untracked 
|1818|0x00000007e5000000, 0x00000007e5200000, 0x00000007e5200000|100%| O|  |TAMS 0x00000007e5000000| PB 0x00000007e5000000| Untracked 
|1819|0x00000007e5200000, 0x00000007e5400000, 0x00000007e5400000|100%| O|  |TAMS 0x00000007e5200000| PB 0x00000007e5200000| Untracked 
|1820|0x00000007e5400000, 0x00000007e5600000, 0x00000007e5600000|100%| O|  |TAMS 0x00000007e5400000| PB 0x00000007e5400000| Untracked 
|1821|0x00000007e5600000, 0x00000007e5800000, 0x00000007e5800000|100%| O|  |TAMS 0x00000007e5600000| PB 0x00000007e5600000| Untracked 
|1822|0x00000007e5800000, 0x00000007e5a00000, 0x00000007e5a00000|100%| O|  |TAMS 0x00000007e5800000| PB 0x00000007e5800000| Untracked 
|1823|0x00000007e5a00000, 0x00000007e5c00000, 0x00000007e5c00000|100%| O|  |TAMS 0x00000007e5a00000| PB 0x00000007e5a00000| Untracked 
|1824|0x00000007e5c00000, 0x00000007e5e00000, 0x00000007e5e00000|100%| O|  |TAMS 0x00000007e5c00000| PB 0x00000007e5c00000| Untracked 
|1825|0x00000007e5e00000, 0x00000007e6000000, 0x00000007e6000000|100%| O|  |TAMS 0x00000007e5e00000| PB 0x00000007e5e00000| Untracked 
|1826|0x00000007e6000000, 0x00000007e6200000, 0x00000007e6200000|100%| O|  |TAMS 0x00000007e6000000| PB 0x00000007e6000000| Untracked 
|1827|0x00000007e6200000, 0x00000007e6400000, 0x00000007e6400000|100%| O|  |TAMS 0x00000007e6200000| PB 0x00000007e6200000| Untracked 
|1828|0x00000007e6400000, 0x00000007e6600000, 0x00000007e6600000|100%| O|  |TAMS 0x00000007e6400000| PB 0x00000007e6400000| Untracked 
|1829|0x00000007e6600000, 0x00000007e6800000, 0x00000007e6800000|100%| O|  |TAMS 0x00000007e6600000| PB 0x00000007e6600000| Untracked 
|1830|0x00000007e6800000, 0x00000007e6a00000, 0x00000007e6a00000|100%| O|  |TAMS 0x00000007e6800000| PB 0x00000007e6800000| Untracked 
|1831|0x00000007e6a00000, 0x00000007e6c00000, 0x00000007e6c00000|100%| O|  |TAMS 0x00000007e6a00000| PB 0x00000007e6a00000| Untracked 
|1832|0x00000007e6c00000, 0x00000007e6e00000, 0x00000007e6e00000|100%| O|  |TAMS 0x00000007e6c00000| PB 0x00000007e6c00000| Untracked 
|1833|0x00000007e6e00000, 0x00000007e7000000, 0x00000007e7000000|100%| O|  |TAMS 0x00000007e6e00000| PB 0x00000007e6e00000| Untracked 
|1834|0x00000007e7000000, 0x00000007e7200000, 0x00000007e7200000|100%| O|  |TAMS 0x00000007e7000000| PB 0x00000007e7000000| Untracked 
|1835|0x00000007e7200000, 0x00000007e7400000, 0x00000007e7400000|100%| O|  |TAMS 0x00000007e7200000| PB 0x00000007e7200000| Untracked 
|1836|0x00000007e7400000, 0x00000007e7600000, 0x00000007e7600000|100%| O|  |TAMS 0x00000007e7400000| PB 0x00000007e7400000| Untracked 
|1837|0x00000007e7600000, 0x00000007e7800000, 0x00000007e7800000|100%| O|  |TAMS 0x00000007e7600000| PB 0x00000007e7600000| Untracked 
|1838|0x00000007e7800000, 0x00000007e7a00000, 0x00000007e7a00000|100%| O|  |TAMS 0x00000007e7800000| PB 0x00000007e7800000| Untracked 
|1839|0x00000007e7a00000, 0x00000007e7c00000, 0x00000007e7c00000|100%| O|  |TAMS 0x00000007e7a00000| PB 0x00000007e7a00000| Untracked 
|1840|0x00000007e7c00000, 0x00000007e7e00000, 0x00000007e7e00000|100%| O|  |TAMS 0x00000007e7c00000| PB 0x00000007e7c00000| Untracked 
|1841|0x00000007e7e00000, 0x00000007e8000000, 0x00000007e8000000|100%| O|  |TAMS 0x00000007e7e00000| PB 0x00000007e7e00000| Untracked 
|1842|0x00000007e8000000, 0x00000007e8200000, 0x00000007e8200000|100%| O|  |TAMS 0x00000007e8000000| PB 0x00000007e8000000| Untracked 
|1843|0x00000007e8200000, 0x00000007e8400000, 0x00000007e8400000|100%| O|  |TAMS 0x00000007e8200000| PB 0x00000007e8200000| Untracked 
|1844|0x00000007e8400000, 0x00000007e8600000, 0x00000007e8600000|100%| O|  |TAMS 0x00000007e8400000| PB 0x00000007e8400000| Untracked 
|1845|0x00000007e8600000, 0x00000007e8800000, 0x00000007e8800000|100%| O|  |TAMS 0x00000007e8600000| PB 0x00000007e8600000| Untracked 
|1846|0x00000007e8800000, 0x00000007e8a00000, 0x00000007e8a00000|100%| O|  |TAMS 0x00000007e8800000| PB 0x00000007e8800000| Untracked 
|1847|0x00000007e8a00000, 0x00000007e8c00000, 0x00000007e8c00000|100%| O|  |TAMS 0x00000007e8a00000| PB 0x00000007e8a00000| Untracked 
|1848|0x00000007e8c00000, 0x00000007e8e00000, 0x00000007e8e00000|100%| O|  |TAMS 0x00000007e8c00000| PB 0x00000007e8c00000| Untracked 
|1849|0x00000007e8e00000, 0x00000007e9000000, 0x00000007e9000000|100%| O|  |TAMS 0x00000007e8e00000| PB 0x00000007e8e00000| Untracked 
|1850|0x00000007e9000000, 0x00000007e9200000, 0x00000007e9200000|100%| O|  |TAMS 0x00000007e9000000| PB 0x00000007e9000000| Untracked 
|1851|0x00000007e9200000, 0x00000007e9400000, 0x00000007e9400000|100%| O|  |TAMS 0x00000007e9200000| PB 0x00000007e9200000| Untracked 
|1852|0x00000007e9400000, 0x00000007e9600000, 0x00000007e9600000|100%| O|  |TAMS 0x00000007e9400000| PB 0x00000007e9400000| Untracked 
|1853|0x00000007e9600000, 0x00000007e9800000, 0x00000007e9800000|100%| O|  |TAMS 0x00000007e9600000| PB 0x00000007e9600000| Untracked 
|1854|0x00000007e9800000, 0x00000007e9a00000, 0x00000007e9a00000|100%| O|  |TAMS 0x00000007e9800000| PB 0x00000007e9800000| Untracked 
|1855|0x00000007e9a00000, 0x00000007e9c00000, 0x00000007e9c00000|100%| O|  |TAMS 0x00000007e9a00000| PB 0x00000007e9a00000| Untracked 
|1856|0x00000007e9c00000, 0x00000007e9e00000, 0x00000007e9e00000|100%| O|  |TAMS 0x00000007e9c00000| PB 0x00000007e9c00000| Untracked 
|1857|0x00000007e9e00000, 0x00000007ea000000, 0x00000007ea000000|100%| O|  |TAMS 0x00000007e9e00000| PB 0x00000007e9e00000| Untracked 
|1858|0x00000007ea000000, 0x00000007ea200000, 0x00000007ea200000|100%| O|  |TAMS 0x00000007ea000000| PB 0x00000007ea000000| Untracked 
|1859|0x00000007ea200000, 0x00000007ea400000, 0x00000007ea400000|100%| O|  |TAMS 0x00000007ea200000| PB 0x00000007ea200000| Untracked 
|1860|0x00000007ea400000, 0x00000007ea600000, 0x00000007ea600000|100%| O|  |TAMS 0x00000007ea400000| PB 0x00000007ea400000| Untracked 
|1861|0x00000007ea600000, 0x00000007ea800000, 0x00000007ea800000|100%| O|  |TAMS 0x00000007ea600000| PB 0x00000007ea600000| Untracked 
|1862|0x00000007ea800000, 0x00000007eaa00000, 0x00000007eaa00000|100%| O|  |TAMS 0x00000007ea800000| PB 0x00000007ea800000| Untracked 
|1863|0x00000007eaa00000, 0x00000007eac00000, 0x00000007eac00000|100%| O|  |TAMS 0x00000007eaa00000| PB 0x00000007eaa00000| Untracked 
|1864|0x00000007eac00000, 0x00000007eae00000, 0x00000007eae00000|100%| O|  |TAMS 0x00000007eac00000| PB 0x00000007eac00000| Untracked 
|1865|0x00000007eae00000, 0x00000007eb000000, 0x00000007eb000000|100%| O|  |TAMS 0x00000007eae00000| PB 0x00000007eae00000| Untracked 
|1866|0x00000007eb000000, 0x00000007eb200000, 0x00000007eb200000|100%| O|  |TAMS 0x00000007eb000000| PB 0x00000007eb000000| Untracked 
|1867|0x00000007eb200000, 0x00000007eb400000, 0x00000007eb400000|100%| O|  |TAMS 0x00000007eb200000| PB 0x00000007eb200000| Untracked 
|1868|0x00000007eb400000, 0x00000007eb600000, 0x00000007eb600000|100%| O|  |TAMS 0x00000007eb400000| PB 0x00000007eb400000| Untracked 
|1869|0x00000007eb600000, 0x00000007eb800000, 0x00000007eb800000|100%| O|  |TAMS 0x00000007eb600000| PB 0x00000007eb600000| Untracked 
|1870|0x00000007eb800000, 0x00000007eba00000, 0x00000007eba00000|100%| O|  |TAMS 0x00000007eb800000| PB 0x00000007eb800000| Untracked 
|1871|0x00000007eba00000, 0x00000007ebc00000, 0x00000007ebc00000|100%| O|  |TAMS 0x00000007eba00000| PB 0x00000007eba00000| Untracked 
|1872|0x00000007ebc00000, 0x00000007ebe00000, 0x00000007ebe00000|100%| O|  |TAMS 0x00000007ebc00000| PB 0x00000007ebc00000| Untracked 
|1873|0x00000007ebe00000, 0x00000007ec000000, 0x00000007ec000000|100%| O|  |TAMS 0x00000007ebe00000| PB 0x00000007ebe00000| Untracked 
|1874|0x00000007ec000000, 0x00000007ec200000, 0x00000007ec200000|100%| O|  |TAMS 0x00000007ec000000| PB 0x00000007ec000000| Untracked 
|1875|0x00000007ec200000, 0x00000007ec400000, 0x00000007ec400000|100%| O|  |TAMS 0x00000007ec200000| PB 0x00000007ec200000| Untracked 
|1876|0x00000007ec400000, 0x00000007ec600000, 0x00000007ec600000|100%| O|  |TAMS 0x00000007ec400000| PB 0x00000007ec400000| Untracked 
|1877|0x00000007ec600000, 0x00000007ec800000, 0x00000007ec800000|100%| O|  |TAMS 0x00000007ec600000| PB 0x00000007ec600000| Untracked 
|1878|0x00000007ec800000, 0x00000007eca00000, 0x00000007eca00000|100%| O|  |TAMS 0x00000007ec800000| PB 0x00000007ec800000| Untracked 
|1879|0x00000007eca00000, 0x00000007ecc00000, 0x00000007ecc00000|100%| O|  |TAMS 0x00000007eca00000| PB 0x00000007eca00000| Untracked 
|1880|0x00000007ecc00000, 0x00000007ece00000, 0x00000007ece00000|100%| O|  |TAMS 0x00000007ecc00000| PB 0x00000007ecc00000| Untracked 
|1881|0x00000007ece00000, 0x00000007ed000000, 0x00000007ed000000|100%| O|  |TAMS 0x00000007ece00000| PB 0x00000007ece00000| Untracked 
|1882|0x00000007ed000000, 0x00000007ed200000, 0x00000007ed200000|100%| O|  |TAMS 0x00000007ed000000| PB 0x00000007ed000000| Untracked 
|1883|0x00000007ed200000, 0x00000007ed400000, 0x00000007ed400000|100%| O|  |TAMS 0x00000007ed200000| PB 0x00000007ed200000| Untracked 
|1884|0x00000007ed400000, 0x00000007ed600000, 0x00000007ed600000|100%| O|  |TAMS 0x00000007ed400000| PB 0x00000007ed400000| Untracked 
|1885|0x00000007ed600000, 0x00000007ed800000, 0x00000007ed800000|100%| O|  |TAMS 0x00000007ed600000| PB 0x00000007ed600000| Untracked 
|1886|0x00000007ed800000, 0x00000007eda00000, 0x00000007eda00000|100%| O|  |TAMS 0x00000007ed800000| PB 0x00000007ed800000| Untracked 
|1887|0x00000007eda00000, 0x00000007edc00000, 0x00000007edc00000|100%| O|  |TAMS 0x00000007eda00000| PB 0x00000007eda00000| Untracked 
|1888|0x00000007edc00000, 0x00000007ede00000, 0x00000007ede00000|100%| O|  |TAMS 0x00000007edc00000| PB 0x00000007edc00000| Untracked 
|1889|0x00000007ede00000, 0x00000007ee000000, 0x00000007ee000000|100%| O|  |TAMS 0x00000007ede00000| PB 0x00000007ede00000| Untracked 
|1890|0x00000007ee000000, 0x00000007ee200000, 0x00000007ee200000|100%| O|  |TAMS 0x00000007ee000000| PB 0x00000007ee000000| Untracked 
|1891|0x00000007ee200000, 0x00000007ee400000, 0x00000007ee400000|100%| O|  |TAMS 0x00000007ee200000| PB 0x00000007ee200000| Untracked 
|1892|0x00000007ee400000, 0x00000007ee600000, 0x00000007ee600000|100%| O|  |TAMS 0x00000007ee400000| PB 0x00000007ee400000| Untracked 
|1893|0x00000007ee600000, 0x00000007ee800000, 0x00000007ee800000|100%| O|  |TAMS 0x00000007ee600000| PB 0x00000007ee600000| Untracked 
|1894|0x00000007ee800000, 0x00000007eea00000, 0x00000007eea00000|100%| O|  |TAMS 0x00000007ee800000| PB 0x00000007ee800000| Untracked 
|1895|0x00000007eea00000, 0x00000007eec00000, 0x00000007eec00000|100%| O|  |TAMS 0x00000007eea00000| PB 0x00000007eea00000| Untracked 
|1896|0x00000007eec00000, 0x00000007eee00000, 0x00000007eee00000|100%| O|  |TAMS 0x00000007eec00000| PB 0x00000007eec00000| Untracked 
|1897|0x00000007eee00000, 0x00000007ef000000, 0x00000007ef000000|100%| O|  |TAMS 0x00000007eee00000| PB 0x00000007eee00000| Untracked 
|1898|0x00000007ef000000, 0x00000007ef200000, 0x00000007ef200000|100%| O|  |TAMS 0x00000007ef000000| PB 0x00000007ef000000| Untracked 
|1899|0x00000007ef200000, 0x00000007ef400000, 0x00000007ef400000|100%| O|  |TAMS 0x00000007ef200000| PB 0x00000007ef200000| Untracked 
|1900|0x00000007ef400000, 0x00000007ef600000, 0x00000007ef600000|100%| O|  |TAMS 0x00000007ef400000| PB 0x00000007ef400000| Untracked 
|1901|0x00000007ef600000, 0x00000007ef800000, 0x00000007ef800000|100%| O|  |TAMS 0x00000007ef600000| PB 0x00000007ef600000| Untracked 
|1902|0x00000007ef800000, 0x00000007efa00000, 0x00000007efa00000|100%| O|  |TAMS 0x00000007ef800000| PB 0x00000007ef800000| Untracked 
|1903|0x00000007efa00000, 0x00000007efc00000, 0x00000007efc00000|100%| O|  |TAMS 0x00000007efa00000| PB 0x00000007efa00000| Untracked 
|1904|0x00000007efc00000, 0x00000007efe00000, 0x00000007efe00000|100%| O|  |TAMS 0x00000007efc00000| PB 0x00000007efc00000| Untracked 
|1905|0x00000007efe00000, 0x00000007f0000000, 0x00000007f0000000|100%| O|  |TAMS 0x00000007efe00000| PB 0x00000007efe00000| Untracked 
|1906|0x00000007f0000000, 0x00000007f0200000, 0x00000007f0200000|100%| O|  |TAMS 0x00000007f0000000| PB 0x00000007f0000000| Untracked 
|1907|0x00000007f0200000, 0x00000007f0400000, 0x00000007f0400000|100%| O|  |TAMS 0x00000007f0200000| PB 0x00000007f0200000| Untracked 
|1908|0x00000007f0400000, 0x00000007f0600000, 0x00000007f0600000|100%| O|  |TAMS 0x00000007f0400000| PB 0x00000007f0400000| Untracked 
|1909|0x00000007f0600000, 0x00000007f0800000, 0x00000007f0800000|100%| O|  |TAMS 0x00000007f0600000| PB 0x00000007f0600000| Untracked 
|1910|0x00000007f0800000, 0x00000007f0a00000, 0x00000007f0a00000|100%| O|  |TAMS 0x00000007f0800000| PB 0x00000007f0800000| Untracked 
|1911|0x00000007f0a00000, 0x00000007f0c00000, 0x00000007f0c00000|100%| O|  |TAMS 0x00000007f0a00000| PB 0x00000007f0a00000| Untracked 
|1912|0x00000007f0c00000, 0x00000007f0e00000, 0x00000007f0e00000|100%| O|  |TAMS 0x00000007f0c00000| PB 0x00000007f0c00000| Untracked 
|1913|0x00000007f0e00000, 0x00000007f1000000, 0x00000007f1000000|100%| O|  |TAMS 0x00000007f0e00000| PB 0x00000007f0e00000| Untracked 
|1914|0x00000007f1000000, 0x00000007f1200000, 0x00000007f1200000|100%| O|  |TAMS 0x00000007f1000000| PB 0x00000007f1000000| Untracked 
|1915|0x00000007f1200000, 0x00000007f1400000, 0x00000007f1400000|100%| O|  |TAMS 0x00000007f1200000| PB 0x00000007f1200000| Untracked 
|1916|0x00000007f1400000, 0x00000007f1600000, 0x00000007f1600000|100%| O|  |TAMS 0x00000007f1400000| PB 0x00000007f1400000| Untracked 
|1917|0x00000007f1600000, 0x00000007f1800000, 0x00000007f1800000|100%| O|  |TAMS 0x00000007f1600000| PB 0x00000007f1600000| Untracked 
|1918|0x00000007f1800000, 0x00000007f1a00000, 0x00000007f1a00000|100%| O|  |TAMS 0x00000007f1800000| PB 0x00000007f1800000| Untracked 
|1919|0x00000007f1a00000, 0x00000007f1c00000, 0x00000007f1c00000|100%| O|  |TAMS 0x00000007f1a00000| PB 0x00000007f1a00000| Untracked 
|1920|0x00000007f1c00000, 0x00000007f1e00000, 0x00000007f1e00000|100%| O|  |TAMS 0x00000007f1c00000| PB 0x00000007f1c00000| Untracked 
|1921|0x00000007f1e00000, 0x00000007f2000000, 0x00000007f2000000|100%| O|  |TAMS 0x00000007f1e00000| PB 0x00000007f1e00000| Untracked 
|1922|0x00000007f2000000, 0x00000007f2200000, 0x00000007f2200000|100%| O|  |TAMS 0x00000007f2000000| PB 0x00000007f2000000| Untracked 
|1923|0x00000007f2200000, 0x00000007f2400000, 0x00000007f2400000|100%| O|  |TAMS 0x00000007f2200000| PB 0x00000007f2200000| Untracked 
|1924|0x00000007f2400000, 0x00000007f2600000, 0x00000007f2600000|100%| O|  |TAMS 0x00000007f2400000| PB 0x00000007f2400000| Untracked 
|1925|0x00000007f2600000, 0x00000007f2800000, 0x00000007f2800000|100%| O|  |TAMS 0x00000007f2600000| PB 0x00000007f2600000| Untracked 
|1926|0x00000007f2800000, 0x00000007f2a00000, 0x00000007f2a00000|100%| O|  |TAMS 0x00000007f2800000| PB 0x00000007f2800000| Untracked 
|1927|0x00000007f2a00000, 0x00000007f2c00000, 0x00000007f2c00000|100%| O|  |TAMS 0x00000007f2a00000| PB 0x00000007f2a00000| Untracked 
|1928|0x00000007f2c00000, 0x00000007f2e00000, 0x00000007f2e00000|100%| E|CS|TAMS 0x00000007f2c00000| PB 0x00000007f2c00000| Complete 
|1929|0x00000007f2e00000, 0x00000007f3000000, 0x00000007f3000000|100%| E|CS|TAMS 0x00000007f2e00000| PB 0x00000007f2e00000| Complete 
|1930|0x00000007f3000000, 0x00000007f3200000, 0x00000007f3200000|100%| O|  |TAMS 0x00000007f3000000| PB 0x00000007f3000000| Untracked 
|1931|0x00000007f3200000, 0x00000007f3400000, 0x00000007f3400000|100%| O|  |TAMS 0x00000007f3200000| PB 0x00000007f3200000| Untracked 
|1932|0x00000007f3400000, 0x00000007f3600000, 0x00000007f3600000|100%| O|  |TAMS 0x00000007f3400000| PB 0x00000007f3400000| Untracked 
|1933|0x00000007f3600000, 0x00000007f3800000, 0x00000007f3800000|100%| O|  |TAMS 0x00000007f3600000| PB 0x00000007f3600000| Untracked 
|1934|0x00000007f3800000, 0x00000007f3a00000, 0x00000007f3a00000|100%| O|  |TAMS 0x00000007f3800000| PB 0x00000007f3800000| Untracked 
|1935|0x00000007f3a00000, 0x00000007f3c00000, 0x00000007f3c00000|100%| O|  |TAMS 0x00000007f3a00000| PB 0x00000007f3a00000| Untracked 
|1936|0x00000007f3c00000, 0x00000007f3e00000, 0x00000007f3e00000|100%| O|  |TAMS 0x00000007f3c00000| PB 0x00000007f3c00000| Untracked 
|1937|0x00000007f3e00000, 0x00000007f4000000, 0x00000007f4000000|100%| O|  |TAMS 0x00000007f3e00000| PB 0x00000007f3e00000| Untracked 
|1938|0x00000007f4000000, 0x00000007f4200000, 0x00000007f4200000|100%| O|  |TAMS 0x00000007f4000000| PB 0x00000007f4000000| Untracked 
|1939|0x00000007f4200000, 0x00000007f4400000, 0x00000007f4400000|100%| O|  |TAMS 0x00000007f4200000| PB 0x00000007f4200000| Untracked 
|1940|0x00000007f4400000, 0x00000007f4600000, 0x00000007f4600000|100%| O|  |TAMS 0x00000007f4400000| PB 0x00000007f4400000| Untracked 
|1941|0x00000007f4600000, 0x00000007f4800000, 0x00000007f4800000|100%| O|  |TAMS 0x00000007f4600000| PB 0x00000007f4600000| Untracked 
|1942|0x00000007f4800000, 0x00000007f4a00000, 0x00000007f4a00000|100%| O|  |TAMS 0x00000007f4800000| PB 0x00000007f4800000| Untracked 
|1943|0x00000007f4a00000, 0x00000007f4c00000, 0x00000007f4c00000|100%| O|  |TAMS 0x00000007f4a00000| PB 0x00000007f4a00000| Untracked 
|1944|0x00000007f4c00000, 0x00000007f4e00000, 0x00000007f4e00000|100%| O|  |TAMS 0x00000007f4c00000| PB 0x00000007f4c00000| Untracked 
|1945|0x00000007f4e00000, 0x00000007f5000000, 0x00000007f5000000|100%| O|  |TAMS 0x00000007f4e00000| PB 0x00000007f4e00000| Untracked 
|1946|0x00000007f5000000, 0x00000007f5200000, 0x00000007f5200000|100%| O|  |TAMS 0x00000007f5000000| PB 0x00000007f5000000| Untracked 
|1947|0x00000007f5200000, 0x00000007f5400000, 0x00000007f5400000|100%| O|  |TAMS 0x00000007f5200000| PB 0x00000007f5200000| Untracked 
|1948|0x00000007f5400000, 0x00000007f5600000, 0x00000007f5600000|100%| O|  |TAMS 0x00000007f5400000| PB 0x00000007f5400000| Untracked 
|1949|0x00000007f5600000, 0x00000007f5800000, 0x00000007f5800000|100%| O|  |TAMS 0x00000007f5600000| PB 0x00000007f5600000| Untracked 
|1950|0x00000007f5800000, 0x00000007f5a00000, 0x00000007f5a00000|100%| O|  |TAMS 0x00000007f5800000| PB 0x00000007f5800000| Untracked 
|1951|0x00000007f5a00000, 0x00000007f5c00000, 0x00000007f5c00000|100%| O|  |TAMS 0x00000007f5a00000| PB 0x00000007f5a00000| Untracked 
|1952|0x00000007f5c00000, 0x00000007f5e00000, 0x00000007f5e00000|100%| O|  |TAMS 0x00000007f5c00000| PB 0x00000007f5c00000| Untracked 
|1953|0x00000007f5e00000, 0x00000007f6000000, 0x00000007f6000000|100%| O|  |TAMS 0x00000007f5e00000| PB 0x00000007f5e00000| Untracked 
|1954|0x00000007f6000000, 0x00000007f6200000, 0x00000007f6200000|100%| O|  |TAMS 0x00000007f6000000| PB 0x00000007f6000000| Untracked 
|1955|0x00000007f6200000, 0x00000007f6400000, 0x00000007f6400000|100%| O|  |TAMS 0x00000007f6200000| PB 0x00000007f6200000| Untracked 
|1956|0x00000007f6400000, 0x00000007f6600000, 0x00000007f6600000|100%| O|  |TAMS 0x00000007f6400000| PB 0x00000007f6400000| Untracked 
|1957|0x00000007f6600000, 0x00000007f6800000, 0x00000007f6800000|100%| O|  |TAMS 0x00000007f6600000| PB 0x00000007f6600000| Untracked 
|1958|0x00000007f6800000, 0x00000007f6a00000, 0x00000007f6a00000|100%| O|  |TAMS 0x00000007f6800000| PB 0x00000007f6800000| Untracked 
|1959|0x00000007f6a00000, 0x00000007f6c00000, 0x00000007f6c00000|100%| O|  |TAMS 0x00000007f6a00000| PB 0x00000007f6a00000| Untracked 
|1960|0x00000007f6c00000, 0x00000007f6e00000, 0x00000007f6e00000|100%| O|  |TAMS 0x00000007f6c00000| PB 0x00000007f6c00000| Untracked 
|1961|0x00000007f6e00000, 0x00000007f7000000, 0x00000007f7000000|100%| O|  |TAMS 0x00000007f6e00000| PB 0x00000007f6e00000| Untracked 
|1962|0x00000007f7000000, 0x00000007f7200000, 0x00000007f7200000|100%| O|  |TAMS 0x00000007f7000000| PB 0x00000007f7000000| Untracked 
|1963|0x00000007f7200000, 0x00000007f7400000, 0x00000007f7400000|100%| E|CS|TAMS 0x00000007f7200000| PB 0x00000007f7200000| Complete 
|1964|0x00000007f7400000, 0x00000007f7600000, 0x00000007f7600000|100%| E|CS|TAMS 0x00000007f7400000| PB 0x00000007f7400000| Complete 
|1965|0x00000007f7600000, 0x00000007f7800000, 0x00000007f7800000|100%| E|CS|TAMS 0x00000007f7600000| PB 0x00000007f7600000| Complete 
|1966|0x00000007f7800000, 0x00000007f7a00000, 0x00000007f7a00000|100%| E|CS|TAMS 0x00000007f7800000| PB 0x00000007f7800000| Complete 
|1967|0x00000007f7a00000, 0x00000007f7c00000, 0x00000007f7c00000|100%| E|CS|TAMS 0x00000007f7a00000| PB 0x00000007f7a00000| Complete 
|1968|0x00000007f7c00000, 0x00000007f7e00000, 0x00000007f7e00000|100%| E|CS|TAMS 0x00000007f7c00000| PB 0x00000007f7c00000| Complete 
|1969|0x00000007f7e00000, 0x00000007f8000000, 0x00000007f8000000|100%| E|CS|TAMS 0x00000007f7e00000| PB 0x00000007f7e00000| Complete 
|1970|0x00000007f8000000, 0x00000007f8200000, 0x00000007f8200000|100%| E|CS|TAMS 0x00000007f8000000| PB 0x00000007f8000000| Complete 
|1971|0x00000007f8200000, 0x00000007f8400000, 0x00000007f8400000|100%| E|CS|TAMS 0x00000007f8200000| PB 0x00000007f8200000| Complete 
|1972|0x00000007f8400000, 0x00000007f8600000, 0x00000007f8600000|100%| E|CS|TAMS 0x00000007f8400000| PB 0x00000007f8400000| Complete 
|1973|0x00000007f8600000, 0x00000007f8800000, 0x00000007f8800000|100%| E|CS|TAMS 0x00000007f8600000| PB 0x00000007f8600000| Complete 
|1974|0x00000007f8800000, 0x00000007f8a00000, 0x00000007f8a00000|100%| E|CS|TAMS 0x00000007f8800000| PB 0x00000007f8800000| Complete 
|1975|0x00000007f8a00000, 0x00000007f8c00000, 0x00000007f8c00000|100%| E|CS|TAMS 0x00000007f8a00000| PB 0x00000007f8a00000| Complete 
|1976|0x00000007f8c00000, 0x00000007f8e00000, 0x00000007f8e00000|100%| E|CS|TAMS 0x00000007f8c00000| PB 0x00000007f8c00000| Complete 
|1977|0x00000007f8e00000, 0x00000007f9000000, 0x00000007f9000000|100%| E|CS|TAMS 0x00000007f8e00000| PB 0x00000007f8e00000| Complete 
|1978|0x00000007f9000000, 0x00000007f9200000, 0x00000007f9200000|100%| E|CS|TAMS 0x00000007f9000000| PB 0x00000007f9000000| Complete 
|1979|0x00000007f9200000, 0x00000007f9400000, 0x00000007f9400000|100%| E|CS|TAMS 0x00000007f9200000| PB 0x00000007f9200000| Complete 
|1980|0x00000007f9400000, 0x00000007f9600000, 0x00000007f9600000|100%| E|CS|TAMS 0x00000007f9400000| PB 0x00000007f9400000| Complete 
|1981|0x00000007f9600000, 0x00000007f9800000, 0x00000007f9800000|100%| E|CS|TAMS 0x00000007f9600000| PB 0x00000007f9600000| Complete 
|1982|0x00000007f9800000, 0x00000007f9a00000, 0x00000007f9a00000|100%| E|CS|TAMS 0x00000007f9800000| PB 0x00000007f9800000| Complete 
|1983|0x00000007f9a00000, 0x00000007f9c00000, 0x00000007f9c00000|100%| E|CS|TAMS 0x00000007f9a00000| PB 0x00000007f9a00000| Complete 
|1984|0x00000007f9c00000, 0x00000007f9e00000, 0x00000007f9e00000|100%| E|CS|TAMS 0x00000007f9c00000| PB 0x00000007f9c00000| Complete 
|1985|0x00000007f9e00000, 0x00000007fa000000, 0x00000007fa000000|100%| E|CS|TAMS 0x00000007f9e00000| PB 0x00000007f9e00000| Complete 
|1986|0x00000007fa000000, 0x00000007fa200000, 0x00000007fa200000|100%| E|CS|TAMS 0x00000007fa000000| PB 0x00000007fa000000| Complete 
|1987|0x00000007fa200000, 0x00000007fa400000, 0x00000007fa400000|100%| E|CS|TAMS 0x00000007fa200000| PB 0x00000007fa200000| Complete 
|1988|0x00000007fa400000, 0x00000007fa600000, 0x00000007fa600000|100%| E|CS|TAMS 0x00000007fa400000| PB 0x00000007fa400000| Complete 
|1989|0x00000007fa600000, 0x00000007fa800000, 0x00000007fa800000|100%| E|CS|TAMS 0x00000007fa600000| PB 0x00000007fa600000| Complete 
|1990|0x00000007fa800000, 0x00000007faa00000, 0x00000007faa00000|100%| E|CS|TAMS 0x00000007fa800000| PB 0x00000007fa800000| Complete 
|1991|0x00000007faa00000, 0x00000007fac00000, 0x00000007fac00000|100%| E|CS|TAMS 0x00000007faa00000| PB 0x00000007faa00000| Complete 
|1992|0x00000007fac00000, 0x00000007fae00000, 0x00000007fae00000|100%| E|CS|TAMS 0x00000007fac00000| PB 0x00000007fac00000| Complete 
|1993|0x00000007fae00000, 0x00000007fb000000, 0x00000007fb000000|100%| E|CS|TAMS 0x00000007fae00000| PB 0x00000007fae00000| Complete 
|1994|0x00000007fb000000, 0x00000007fb200000, 0x00000007fb200000|100%| E|CS|TAMS 0x00000007fb000000| PB 0x00000007fb000000| Complete 
|1995|0x00000007fb200000, 0x00000007fb400000, 0x00000007fb400000|100%| E|CS|TAMS 0x00000007fb200000| PB 0x00000007fb200000| Complete 
|1996|0x00000007fb400000, 0x00000007fb600000, 0x00000007fb600000|100%| E|CS|TAMS 0x00000007fb400000| PB 0x00000007fb400000| Complete 
|1997|0x00000007fb600000, 0x00000007fb800000, 0x00000007fb800000|100%| E|CS|TAMS 0x00000007fb600000| PB 0x00000007fb600000| Complete 
|1998|0x00000007fb800000, 0x00000007fba00000, 0x00000007fba00000|100%| E|CS|TAMS 0x00000007fb800000| PB 0x00000007fb800000| Complete 
|1999|0x00000007fba00000, 0x00000007fbc00000, 0x00000007fbc00000|100%| E|CS|TAMS 0x00000007fba00000| PB 0x00000007fba00000| Complete 
|2000|0x00000007fbc00000, 0x00000007fbe00000, 0x00000007fbe00000|100%| E|CS|TAMS 0x00000007fbc00000| PB 0x00000007fbc00000| Complete 
|2001|0x00000007fbe00000, 0x00000007fc000000, 0x00000007fc000000|100%| E|CS|TAMS 0x00000007fbe00000| PB 0x00000007fbe00000| Complete 
|2002|0x00000007fc000000, 0x00000007fc200000, 0x00000007fc200000|100%| E|CS|TAMS 0x00000007fc000000| PB 0x00000007fc000000| Complete 
|2003|0x00000007fc200000, 0x00000007fc400000, 0x00000007fc400000|100%| E|CS|TAMS 0x00000007fc200000| PB 0x00000007fc200000| Complete 
|2004|0x00000007fc400000, 0x00000007fc600000, 0x00000007fc600000|100%| E|CS|TAMS 0x00000007fc400000| PB 0x00000007fc400000| Complete 
|2005|0x00000007fc600000, 0x00000007fc800000, 0x00000007fc800000|100%| E|CS|TAMS 0x00000007fc600000| PB 0x00000007fc600000| Complete 
|2006|0x00000007fc800000, 0x00000007fca00000, 0x00000007fca00000|100%| E|CS|TAMS 0x00000007fc800000| PB 0x00000007fc800000| Complete 
|2007|0x00000007fca00000, 0x00000007fcc00000, 0x00000007fcc00000|100%| E|CS|TAMS 0x00000007fca00000| PB 0x00000007fca00000| Complete 
|2008|0x00000007fcc00000, 0x00000007fce00000, 0x00000007fce00000|100%| E|CS|TAMS 0x00000007fcc00000| PB 0x00000007fcc00000| Complete 
|2009|0x00000007fce00000, 0x00000007fd000000, 0x00000007fd000000|100%| E|CS|TAMS 0x00000007fce00000| PB 0x00000007fce00000| Complete 
|2010|0x00000007fd000000, 0x00000007fd200000, 0x00000007fd200000|100%| E|CS|TAMS 0x00000007fd000000| PB 0x00000007fd000000| Complete 
|2011|0x00000007fd200000, 0x00000007fd400000, 0x00000007fd400000|100%| E|CS|TAMS 0x00000007fd200000| PB 0x00000007fd200000| Complete 
|2012|0x00000007fd400000, 0x00000007fd600000, 0x00000007fd600000|100%| E|CS|TAMS 0x00000007fd400000| PB 0x00000007fd400000| Complete 
|2013|0x00000007fd600000, 0x00000007fd800000, 0x00000007fd800000|100%| E|CS|TAMS 0x00000007fd600000| PB 0x00000007fd600000| Complete 
|2014|0x00000007fd800000, 0x00000007fda00000, 0x00000007fda00000|100%| E|CS|TAMS 0x00000007fd800000| PB 0x00000007fd800000| Complete 
|2015|0x00000007fda00000, 0x00000007fdc00000, 0x00000007fdc00000|100%| E|CS|TAMS 0x00000007fda00000| PB 0x00000007fda00000| Complete 
|2016|0x00000007fdc00000, 0x00000007fde00000, 0x00000007fde00000|100%| E|CS|TAMS 0x00000007fdc00000| PB 0x00000007fdc00000| Complete 
|2017|0x00000007fde00000, 0x00000007fe000000, 0x00000007fe000000|100%| E|CS|TAMS 0x00000007fde00000| PB 0x00000007fde00000| Complete 
|2018|0x00000007fe000000, 0x00000007fe200000, 0x00000007fe200000|100%| E|CS|TAMS 0x00000007fe000000| PB 0x00000007fe000000| Complete 
|2019|0x00000007fe200000, 0x00000007fe400000, 0x00000007fe400000|100%| O|  |TAMS 0x00000007fe200000| PB 0x00000007fe200000| Untracked 
|2020|0x00000007fe400000, 0x00000007fe600000, 0x00000007fe600000|100%| O|  |TAMS 0x00000007fe400000| PB 0x00000007fe400000| Untracked 
|2021|0x00000007fe600000, 0x00000007fe800000, 0x00000007fe800000|100%| O|  |TAMS 0x00000007fe600000| PB 0x00000007fe600000| Untracked 
|2022|0x00000007fe800000, 0x00000007fea00000, 0x00000007fea00000|100%| O|  |TAMS 0x00000007fe800000| PB 0x00000007fe800000| Untracked 
|2023|0x00000007fea00000, 0x00000007fec00000, 0x00000007fec00000|100%| O|  |TAMS 0x00000007fea00000| PB 0x00000007fea00000| Untracked 
|2024|0x00000007fec00000, 0x00000007fee00000, 0x00000007fee00000|100%| O|  |TAMS 0x00000007fec00000| PB 0x00000007fec00000| Untracked 
|2025|0x00000007fee00000, 0x00000007ff000000, 0x00000007ff000000|100%| O|  |TAMS 0x00000007fee00000| PB 0x00000007fee00000| Untracked 
|2026|0x00000007ff000000, 0x00000007ff200000, 0x00000007ff200000|100%| O|  |TAMS 0x00000007ff000000| PB 0x00000007ff000000| Untracked 
|2027|0x00000007ff200000, 0x00000007ff400000, 0x00000007ff400000|100%| O|  |TAMS 0x00000007ff200000| PB 0x00000007ff200000| Untracked 
|2028|0x00000007ff400000, 0x00000007ff600000, 0x00000007ff600000|100%| O|  |TAMS 0x00000007ff400000| PB 0x00000007ff400000| Untracked 
|2029|0x00000007ff600000, 0x00000007ff800000, 0x00000007ff800000|100%| O|  |TAMS 0x00000007ff600000| PB 0x00000007ff600000| Untracked 
|2030|0x00000007ff800000, 0x00000007ffa00000, 0x00000007ffa00000|100%| O|  |TAMS 0x00000007ff800000| PB 0x00000007ff800000| Untracked 
|2031|0x00000007ffa00000, 0x00000007ffc00000, 0x00000007ffc00000|100%| O|  |TAMS 0x00000007ffa00000| PB 0x00000007ffa00000| Untracked 
|2032|0x00000007ffc00000, 0x00000007ffe00000, 0x00000007ffe00000|100%| O|  |TAMS 0x00000007ffc00000| PB 0x00000007ffc00000| Untracked 
|2033|0x00000007ffe00000, 0x0000000800000000, 0x0000000800000000|100%| O|  |TAMS 0x00000007ffe00000| PB 0x00000007ffe00000| Untracked 

Card table byte_map: [0x000001249fe70000,0x00000124a0670000] _byte_map_base: 0x000001249c662000

Marking Bits: (CMBitMap*) 0x000001248cbcc500
 Bits: [0x00000124a0670000, 0x00000124a4600000)

Polling page: 0x000001248c330000

Metaspace:

Usage:
  Non-class:     13.94 MB used.
      Class:      1.37 MB used.
       Both:     15.31 MB used.

Virtual space:
  Non-class space:       64.00 MB reserved,      14.06 MB ( 22%) committed,  1 nodes.
      Class space:        1.00 GB reserved,       1.44 MB ( <1%) committed,  1 nodes.
             Both:        1.06 GB reserved,      15.50 MB (  1%) committed. 

Chunk freelists:
   Non-Class:  1.94 MB
       Class:  14.51 MB
        Both:  16.45 MB

MaxMetaspaceSize: unlimited
CompressedClassSpaceSize: 1.00 GB
Initial GC threshold: 21.00 MB
Current GC threshold: 25.88 MB
CDS: off
 - commit_granule_bytes: 65536.
 - commit_granule_words: 8192.
 - virtual_space_node_default_size: 8388608.
 - enlarge_chunks_in_place: 1.
 - use_allocation_guard: 0.


Internal statistics:

num_allocs_failed_limit: 0.
num_arena_births: 80.
num_arena_deaths: 20.
num_vsnodes_births: 2.
num_vsnodes_deaths: 0.
num_space_committed: 248.
num_space_uncommitted: 0.
num_chunks_returned_to_freelist: 20.
num_chunks_taken_from_freelist: 219.
num_chunk_merges: 3.
num_chunk_splits: 122.
num_chunks_enlarged: 73.
num_inconsistent_stats: 0.

CodeHeap 'non-profiled nmethods': size=120000Kb used=948Kb max_used=1118Kb free=119051Kb
 bounds [0x0000012498140000, 0x00000124983b0000, 0x000001249f670000]
CodeHeap 'profiled nmethods': size=120000Kb used=1843Kb max_used=2600Kb free=118156Kb
 bounds [0x0000012490670000, 0x0000012490900000, 0x0000012497ba0000]
CodeHeap 'non-nmethods': size=5760Kb used=1385Kb max_used=1473Kb free=4374Kb
 bounds [0x0000012497ba0000, 0x0000012497e10000, 0x0000012498140000]
 total_blobs=1713 nmethods=1225 adapters=393
 compilation: enabled
              stopped_count=0, restarted_count=0
 full_count=0

Compilation events (20 events):
Event: 8100.855 Thread 0x00000124a6b85ac0 1442       4       java.util.concurrent.ConcurrentHashMap::spread (10 bytes)
Event: 8100.861 Thread 0x00000124a6b85ac0 nmethod 1442 0x00000124981a3290 code [0x00000124981a3400, 0x00000124981a3478]
Event: 8101.024 Thread 0x00000124a6b85ac0 1443       4       java.lang.StringUTF16::compress (50 bytes)
Event: 8101.032 Thread 0x00000124a6c0f790 1444       3       java.util.HashSet::<init> (16 bytes)
Event: 8101.035 Thread 0x00000124a6c0f790 nmethod 1444 0x0000012490685110 code [0x00000124906852e0, 0x00000124906856f0]
Event: 8101.037 Thread 0x00000124a6b85ac0 nmethod 1443 0x000001249814ad90 code [0x000001249814af20, 0x000001249814b1c0]
Event: 8101.038 Thread 0x00000124a6c0f790 1445       3       sun.util.locale.LocaleUtils::isAlphaNumeric (20 bytes)
Event: 8101.040 Thread 0x00000124a6c0f790 nmethod 1445 0x00000124906c9090 code [0x00000124906c9240, 0x00000124906c95f0]
Event: 8101.042 Thread 0x00000124a6c0f790 1446       3       org.postgresql.core.v3.SimpleParameterList::getParameterCount (6 bytes)
Event: 8101.043 Thread 0x00000124a6c0f790 nmethod 1446 0x000001249077dd90 code [0x000001249077df20, 0x000001249077e038]
Event: 8101.044 Thread 0x00000124a6b85ac0 1447       4       java.lang.StringBuilder::append (8 bytes)
Event: 8101.044 Thread 0x00000124a6c0f790 1448       3       java.util.HashMap::tableSizeFor (32 bytes)
Event: 8101.045 Thread 0x00000124a6c0f790 nmethod 1448 0x0000012490676d10 code [0x0000012490676ee0, 0x00000124906770e8]
Event: 8101.045 Thread 0x00000124a6c0f790 1449       3       java.util.AbstractCollection::addAll (42 bytes)
Event: 8101.048 Thread 0x00000124a6c0f790 nmethod 1449 0x00000124906ac190 code [0x00000124906ac380, 0x00000124906ac8b0]
Event: 8101.048 Thread 0x00000124a6c0f790 1451   !   3       org.postgresql.jdbc.TypeInfoCache::addCoreType (368 bytes)
Event: 8101.061 Thread 0x00000124a6b85ac0 nmethod 1447 0x00000124981bcf90 code [0x00000124981bd160, 0x00000124981bd7e0]
Event: 8101.062 Thread 0x00000124a6c0f790 nmethod 1451 0x00000124907dc410 code [0x00000124907dc960, 0x00000124907df6b0]
Event: 8101.062 Thread 0x00000124a6c0f790 1450       3       java.util.HashMap::<init> (98 bytes)
Event: 8101.065 Thread 0x00000124a6c0f790 nmethod 1450 0x00000124906bfc10 code [0x00000124906bff20, 0x00000124906c0ed0]

GC Heap History (20 events):
Event: 7248.065 GC heap after
{Heap after GC invocations=49 (full 0):
 garbage-first heap   total 1585152K, used 606846K [0x0000000701c00000, 0x0000000800000000)
  region size 2048K, 1 young (2048K), 1 survivors (2048K)
 Metaspace       used 15673K, committed 15872K, reserved 1114112K
  class space    used 1404K, committed 1472K, reserved 1048576K
}
Event: 7251.360 GC heap before
{Heap before GC invocations=50 (full 0):
 garbage-first heap   total 1585152K, used 682622K [0x0000000701c00000, 0x0000000800000000)
  region size 2048K, 38 young (77824K), 1 survivors (2048K)
 Metaspace       used 15673K, committed 15872K, reserved 1114112K
  class space    used 1404K, committed 1472K, reserved 1048576K
}
Event: 7251.361 GC heap after
{Heap after GC invocations=51 (full 0):
 garbage-first heap   total 1585152K, used 606846K [0x0000000701c00000, 0x0000000800000000)
  region size 2048K, 1 young (2048K), 1 survivors (2048K)
 Metaspace       used 15673K, committed 15872K, reserved 1114112K
  class space    used 1404K, committed 1472K, reserved 1048576K
}
Event: 7254.545 GC heap before
{Heap before GC invocations=51 (full 0):
 garbage-first heap   total 1585152K, used 703102K [0x0000000701c00000, 0x0000000800000000)
  region size 2048K, 48 young (98304K), 1 survivors (2048K)
 Metaspace       used 15673K, committed 15872K, reserved 1114112K
  class space    used 1404K, committed 1472K, reserved 1048576K
}
Event: 7254.548 GC heap after
{Heap after GC invocations=52 (full 0):
 garbage-first heap   total 1585152K, used 605346K [0x0000000701c00000, 0x0000000800000000)
  region size 2048K, 1 young (2048K), 1 survivors (2048K)
 Metaspace       used 15673K, committed 15872K, reserved 1114112K
  class space    used 1404K, committed 1472K, reserved 1048576K
}
Event: 7257.797 GC heap before
{Heap before GC invocations=52 (full 0):
 garbage-first heap   total 1585152K, used 726178K [0x0000000701c00000, 0x0000000800000000)
  region size 2048K, 60 young (122880K), 1 survivors (2048K)
 Metaspace       used 15673K, committed 15872K, reserved 1114112K
  class space    used 1404K, committed 1472K, reserved 1048576K
}
Event: 7257.799 GC heap after
{Heap after GC invocations=53 (full 0):
 garbage-first heap   total 1585152K, used 604024K [0x0000000701c00000, 0x0000000800000000)
  region size 2048K, 1 young (2048K), 1 survivors (2048K)
 Metaspace       used 15673K, committed 15872K, reserved 1114112K
  class space    used 1404K, committed 1472K, reserved 1048576K
}
Event: 7262.228 GC heap before
{Heap before GC invocations=53 (full 0):
 garbage-first heap   total 1585152K, used 757624K [0x0000000701c00000, 0x0000000800000000)
  region size 2048K, 76 young (155648K), 1 survivors (2048K)
 Metaspace       used 15673K, committed 15872K, reserved 1114112K
  class space    used 1404K, committed 1472K, reserved 1048576K
}
Event: 7262.229 GC heap after
{Heap after GC invocations=54 (full 0):
 garbage-first heap   total 1585152K, used 602795K [0x0000000701c00000, 0x0000000800000000)
  region size 2048K, 1 young (2048K), 1 survivors (2048K)
 Metaspace       used 15673K, committed 15872K, reserved 1114112K
  class space    used 1404K, committed 1472K, reserved 1048576K
}
Event: 7265.463 GC heap before
{Heap before GC invocations=54 (full 0):
 garbage-first heap   total 1585152K, used 705195K [0x0000000701c00000, 0x0000000800000000)
  region size 2048K, 51 young (104448K), 1 survivors (2048K)
 Metaspace       used 15673K, committed 15872K, reserved 1114112K
  class space    used 1404K, committed 1472K, reserved 1048576K
}
Event: 7265.464 GC heap after
{Heap after GC invocations=55 (full 0):
 garbage-first heap   total 1585152K, used 602797K [0x0000000701c00000, 0x0000000800000000)
  region size 2048K, 1 young (2048K), 1 survivors (2048K)
 Metaspace       used 15673K, committed 15872K, reserved 1114112K
  class space    used 1404K, committed 1472K, reserved 1048576K
}
Event: 7268.769 GC heap before
{Heap before GC invocations=56 (full 0):
 garbage-first heap   total 1585152K, used 721581K [0x0000000701c00000, 0x0000000800000000)
  region size 2048K, 59 young (120832K), 1 survivors (2048K)
 Metaspace       used 15673K, committed 15872K, reserved 1114112K
  class space    used 1404K, committed 1472K, reserved 1048576K
}
Event: 7268.770 GC heap after
{Heap after GC invocations=57 (full 0):
 garbage-first heap   total 1585152K, used 602795K [0x0000000701c00000, 0x0000000800000000)
  region size 2048K, 1 young (2048K), 1 survivors (2048K)
 Metaspace       used 15673K, committed 15872K, reserved 1114112K
  class space    used 1404K, committed 1472K, reserved 1048576K
}
Event: 7294.997 GC heap before
{Heap before GC invocations=57 (full 0):
 garbage-first heap   total 1585152K, used 1497771K [0x0000000701c00000, 0x0000000800000000)
  region size 2048K, 438 young (897024K), 1 survivors (2048K)
 Metaspace       used 15673K, committed 15872K, reserved 1114112K
  class space    used 1404K, committed 1472K, reserved 1048576K
}
Event: 7295.005 GC heap after
{Heap after GC invocations=58 (full 0):
 garbage-first heap   total 1585152K, used 599644K [0x0000000701c00000, 0x0000000800000000)
  region size 2048K, 1 young (2048K), 1 survivors (2048K)
 Metaspace       used 15673K, committed 15872K, reserved 1114112K
  class space    used 1404K, committed 1472K, reserved 1048576K
}
Event: 7298.759 GC heap before
{Heap before GC invocations=58 (full 0):
 garbage-first heap   total 1585152K, used 699996K [0x0000000701c00000, 0x0000000800000000)
  region size 2048K, 50 young (102400K), 1 survivors (2048K)
 Metaspace       used 15673K, committed 15872K, reserved 1114112K
  class space    used 1404K, committed 1472K, reserved 1048576K
}
Event: 7298.760 GC heap after
{Heap after GC invocations=59 (full 0):
 garbage-first heap   total 1585152K, used 599644K [0x0000000701c00000, 0x0000000800000000)
  region size 2048K, 1 young (2048K), 1 survivors (2048K)
 Metaspace       used 15673K, committed 15872K, reserved 1114112K
  class space    used 1404K, committed 1472K, reserved 1048576K
}
Event: 8101.098 GC heap before
{Heap before GC invocations=60 (full 0):
 garbage-first heap   total 1585152K, used 722524K [0x0000000701c00000, 0x0000000800000000)
  region size 2048K, 61 young (124928K), 1 survivors (2048K)
 Metaspace       used 15675K, committed 15872K, reserved 1114112K
  class space    used 1404K, committed 1472K, reserved 1048576K
}
Event: 8101.113 GC heap after
{Heap after GC invocations=61 (full 0):
 garbage-first heap   total 1585152K, used 601284K [0x0000000701c00000, 0x0000000800000000)
  region size 2048K, 1 young (2048K), 1 survivors (2048K)
 Metaspace       used 15675K, committed 15872K, reserved 1114112K
  class space    used 1404K, committed 1472K, reserved 1048576K
}
Event: 8132.883 GC heap before
{Heap before GC invocations=61 (full 0):
 garbage-first heap   total 1585152K, used 1553604K [0x0000000701c00000, 0x0000000800000000)
  region size 2048K, 440 young (901120K), 1 survivors (2048K)
 Metaspace       used 15675K, committed 15872K, reserved 1114112K
  class space    used 1404K, committed 1472K, reserved 1048576K
}

Dll operation events (9 events):
Event: 0.066 Loaded shared library C:\Users\ADMIN\.p2\pool\plugins\org.eclipse.justj.openjdk.hotspot.jre.full.win32.x86_64_21.0.2.v20240123-0840\jre\bin\java.dll
Event: 0.092 Loaded shared library C:\Users\ADMIN\.p2\pool\plugins\org.eclipse.justj.openjdk.hotspot.jre.full.win32.x86_64_21.0.2.v20240123-0840\jre\bin\zip.dll
Event: 0.605 Loaded shared library C:\Users\ADMIN\.p2\pool\plugins\org.eclipse.justj.openjdk.hotspot.jre.full.win32.x86_64_21.0.2.v20240123-0840\jre\bin\jimage.dll
Event: 0.660 Loaded shared library C:\Users\ADMIN\.p2\pool\plugins\org.eclipse.justj.openjdk.hotspot.jre.full.win32.x86_64_21.0.2.v20240123-0840\jre\bin\zip.dll
Event: 0.862 Loaded shared library C:\Users\ADMIN\.p2\pool\plugins\org.eclipse.justj.openjdk.hotspot.jre.full.win32.x86_64_21.0.2.v20240123-0840\jre\bin\net.dll
Event: 0.866 Loaded shared library C:\Users\ADMIN\.p2\pool\plugins\org.eclipse.justj.openjdk.hotspot.jre.full.win32.x86_64_21.0.2.v20240123-0840\jre\bin\nio.dll
Event: 1.597 Loaded shared library C:\Users\ADMIN\.p2\pool\plugins\org.eclipse.justj.openjdk.hotspot.jre.full.win32.x86_64_21.0.2.v20240123-0840\jre\bin\extnet.dll
Event: 1.634 Loaded shared library C:\Users\ADMIN\.p2\pool\plugins\org.eclipse.justj.openjdk.hotspot.jre.full.win32.x86_64_21.0.2.v20240123-0840\jre\bin\management.dll
Event: 1.649 Loaded shared library C:\Users\ADMIN\.p2\pool\plugins\org.eclipse.justj.openjdk.hotspot.jre.full.win32.x86_64_21.0.2.v20240123-0840\jre\bin\management_ext.dll

Deoptimization events (20 events):
Event: 2700.825 Thread 0x00000124a6d93920 DEOPT PACKING pc=0x0000012498221684 sp=0x000000052e4fe410
Event: 2700.825 Thread 0x00000124a6d93920 DEOPT UNPACKING pc=0x0000012497bf46a2 sp=0x000000052e4fe3c0 mode 2
Event: 2701.178 Thread 0x00000124a6d93920 DEOPT PACKING pc=0x00000124908d07ff sp=0x000000052e4feba0
Event: 2701.178 Thread 0x00000124a6d93920 DEOPT UNPACKING pc=0x0000012497bf4e42 sp=0x000000052e4fe0e8 mode 0
Event: 3600.829 Thread 0x00000124a6d93920 Uncommon trap: trap_request=0xffffffbe fr.pc=0x0000012498221684 relative=0x0000000000000ee4
Event: 3600.830 Thread 0x00000124a6d93920 Uncommon trap: reason=profile_predicate action=maybe_recompile pc=0x0000012498221684 method=org.postgresql.core.v3.QueryExecutorImpl.processResults(Lorg/postgresql/core/ResultHandler;IZ)V @ 38 c2
Event: 3600.830 Thread 0x00000124a6d93920 DEOPT PACKING pc=0x0000012498221684 sp=0x000000052e4fe410
Event: 3600.830 Thread 0x00000124a6d93920 DEOPT UNPACKING pc=0x0000012497bf46a2 sp=0x000000052e4fe3c0 mode 2
Event: 3600.830 Thread 0x00000124a6d93920 Uncommon trap: trap_request=0xffffffbe fr.pc=0x0000012498221684 relative=0x0000000000000ee4
Event: 3600.830 Thread 0x00000124a6d93920 Uncommon trap: reason=profile_predicate action=maybe_recompile pc=0x0000012498221684 method=org.postgresql.core.v3.QueryExecutorImpl.processResults(Lorg/postgresql/core/ResultHandler;IZ)V @ 38 c2
Event: 3600.830 Thread 0x00000124a6d93920 DEOPT PACKING pc=0x0000012498221684 sp=0x000000052e4fe410
Event: 3600.830 Thread 0x00000124a6d93920 DEOPT UNPACKING pc=0x0000012497bf46a2 sp=0x000000052e4fe3c0 mode 2
Event: 3601.079 Thread 0x00000124a6d93920 DEOPT PACKING pc=0x00000124908d07ff sp=0x000000052e4feba0
Event: 3601.079 Thread 0x00000124a6d93920 DEOPT UNPACKING pc=0x0000012497bf4e42 sp=0x000000052e4fe0e8 mode 0
Event: 4500.944 Thread 0x00000124a6d93920 DEOPT PACKING pc=0x00000124908d07ff sp=0x000000052e4feba0
Event: 4500.944 Thread 0x00000124a6d93920 DEOPT UNPACKING pc=0x0000012497bf4e42 sp=0x000000052e4fe0e8 mode 0
Event: 5400.978 Thread 0x00000124a6d93920 DEOPT PACKING pc=0x00000124908d07ff sp=0x000000052e4feba0
Event: 5400.978 Thread 0x00000124a6d93920 DEOPT UNPACKING pc=0x0000012497bf4e42 sp=0x000000052e4fe0e8 mode 0
Event: 6302.533 Thread 0x00000124a6d93920 DEOPT PACKING pc=0x00000124908d07ff sp=0x000000052e4feba0
Event: 6302.533 Thread 0x00000124a6d93920 DEOPT UNPACKING pc=0x0000012497bf4e42 sp=0x000000052e4fe0e8 mode 0

Classes loaded (20 events):
Event: 2.571 Loading class sun/util/calendar/CalendarUtils
Event: 2.571 Loading class sun/util/calendar/CalendarUtils done
Event: 2.646 Loading class java/util/TimerTask
Event: 2.646 Loading class java/util/TimerTask done
Event: 2.655 Loading class java/util/concurrent/atomic/AtomicIntegerFieldUpdater
Event: 2.656 Loading class java/util/concurrent/atomic/AtomicIntegerFieldUpdater done
Event: 2.657 Loading class java/util/concurrent/atomic/AtomicIntegerFieldUpdater$AtomicIntegerFieldUpdaterImpl
Event: 2.657 Loading class java/util/concurrent/atomic/AtomicIntegerFieldUpdater$AtomicIntegerFieldUpdaterImpl done
Event: 2.657 Loading class java/util/concurrent/atomic/AtomicIntegerFieldUpdater$AtomicIntegerFieldUpdaterImpl$1
Event: 2.657 Loading class java/util/concurrent/atomic/AtomicIntegerFieldUpdater$AtomicIntegerFieldUpdaterImpl$1 done
Event: 2.666 Loading class java/lang/invoke/DirectMethodHandle$Special
Event: 2.666 Loading class java/lang/invoke/DirectMethodHandle$Special done
Event: 3.123 Loading class java/net/UnknownHostException
Event: 3.123 Loading class java/net/UnknownHostException done
Event: 3.124 Loading class java/math/BigDecimal
Event: 3.126 Loading class java/math/BigDecimal done
Event: 3.126 Loading class java/io/CharArrayReader
Event: 3.126 Loading class java/io/CharArrayReader done
Event: 3.421 Loading class java/lang/foreign/MemorySegment
Event: 3.422 Loading class java/lang/foreign/MemorySegment done

Classes unloaded (10 events):
Event: 6302.769 Thread 0x00000124a6b28c30 Unloading class 0x0000000800148800 'java/lang/invoke/LambdaForm$DMH+0x0000000800148800'
Event: 6302.769 Thread 0x00000124a6b28c30 Unloading class 0x0000000800148000 'java/lang/invoke/LambdaForm$DMH+0x0000000800148000'
Event: 6302.769 Thread 0x00000124a6b28c30 Unloading class 0x00000008000d0000 'java/lang/invoke/LambdaForm$DMH+0x00000008000d0000'
Event: 6302.769 Thread 0x00000124a6b28c30 Unloading class 0x00000008000c7400 'java/lang/invoke/LambdaForm$MH+0x00000008000c7400'
Event: 6302.769 Thread 0x00000124a6b28c30 Unloading class 0x00000008000c7000 'java/lang/invoke/LambdaForm$MH+0x00000008000c7000'
Event: 6302.769 Thread 0x00000124a6b28c30 Unloading class 0x00000008000c2400 'java/lang/invoke/LambdaForm$MH+0x00000008000c2400'
Event: 6302.769 Thread 0x00000124a6b28c30 Unloading class 0x00000008000c1c00 'java/lang/invoke/LambdaForm$MH+0x00000008000c1c00'
Event: 6302.769 Thread 0x00000124a6b28c30 Unloading class 0x00000008000c1400 'java/lang/invoke/LambdaForm$MH+0x00000008000c1400'
Event: 6302.769 Thread 0x00000124a6b28c30 Unloading class 0x00000008000c0400 'java/lang/invoke/LambdaForm$MH+0x00000008000c0400'
Event: 6302.769 Thread 0x00000124a6b28c30 Unloading class 0x00000008000c0000 'java/lang/invoke/LambdaForm$MH+0x00000008000c0000'

Classes redefined (0 events):
No events

Internal exceptions (20 events):
Event: 1.458 Thread 0x00000124a6d93920 Exception <a 'java/lang/NoSuchMethodError'{0x00000007116124a0}: 'void java.lang.invoke.DelegatingMethodHandle$Holder.delegate(java.lang.Object, java.lang.Object, int, java.lang.Object)'> (0x00000007116124a0) 
thrown [s\src\hotspot\share\interpreter\linkResolver.cpp, line 773]
Event: 1.460 Thread 0x00000124a6d93920 Exception <a 'java/lang/NoSuchMethodError'{0x0000000711616590}: 'int java.lang.invoke.DirectMethodHandle$Holder.invokeSpecial(java.lang.Object, java.lang.Object, java.lang.Object)'> (0x0000000711616590) 
thrown [s\src\hotspot\share\interpreter\linkResolver.cpp, line 773]
Event: 1.464 Thread 0x00000124a6d93920 Exception <a 'java/lang/NoSuchMethodError'{0x0000000711623148}: 'java.lang.Object java.lang.invoke.Invokers$Holder.invokeExact_MT(java.lang.Object, java.lang.Object, java.lang.Object, java.lang.Object, java.lang.Object)'> (0x0000000711623148) 
thrown [s\src\hotspot\share\interpreter\linkResolver.cpp, line 773]
Event: 1.479 Thread 0x00000124a6d93920 Exception <a 'java/lang/NoSuchMethodError'{0x0000000711648860}: 'java.lang.Object java.lang.invoke.DirectMethodHandle$Holder.invokeVirtual(java.lang.Object, java.lang.Object, java.lang.Object, java.lang.Object)'> (0x0000000711648860) 
thrown [s\src\hotspot\share\interpreter\linkResolver.cpp, line 773]
Event: 1.482 Thread 0x00000124a6d93920 Exception <a 'java/lang/NoSuchMethodError'{0x0000000711650470}: 'void java.lang.invoke.DirectMethodHandle$Holder.invokeStatic(java.lang.Object, java.lang.Object, java.lang.Object, java.lang.Object)'> (0x0000000711650470) 
thrown [s\src\hotspot\share\interpreter\linkResolver.cpp, line 773]
Event: 1.512 Thread 0x00000124a6d93920 Exception <a 'java/lang/NoSuchMethodError'{0x00000007116c9698}: 'int java.lang.invoke.DirectMethodHandle$Holder.invokeStaticInit(java.lang.Object, java.lang.Object, java.lang.Object, java.lang.Object)'> (0x00000007116c9698) 
thrown [s\src\hotspot\share\interpreter\linkResolver.cpp, line 773]
Event: 1.515 Thread 0x00000124a6d93920 Exception <a 'java/lang/NoSuchMethodError'{0x00000007116d1ec8}: 'java.lang.Object java.lang.invoke.DirectMethodHandle$Holder.invokeInterface(java.lang.Object, java.lang.Object)'> (0x00000007116d1ec8) 
thrown [s\src\hotspot\share\interpreter\linkResolver.cpp, line 773]
Event: 1.517 Thread 0x00000124a6d93920 Exception <a 'java/lang/IncompatibleClassChangeError'{0x00000007116d54d8}: Found class java.lang.Object, but interface was expected> (0x00000007116d54d8) 
thrown [s\src\hotspot\share\interpreter\linkResolver.cpp, line 840]
Event: 1.518 Thread 0x00000124a6d93920 Exception <a 'java/lang/NoSuchMethodError'{0x00000007116d7cb0}: 'void java.lang.invoke.DirectMethodHandle$Holder.invokeStatic(java.lang.Object, java.lang.Object)'> (0x00000007116d7cb0) 
thrown [s\src\hotspot\share\interpreter\linkResolver.cpp, line 773]
Event: 1.519 Thread 0x00000124a6d93920 Exception <a 'java/lang/NoSuchMethodError'{0x00000007116db218}: 'void java.lang.invoke.DirectMethodHandle$Holder.invokeStaticInit(java.lang.Object, java.lang.Object)'> (0x00000007116db218) 
thrown [s\src\hotspot\share\interpreter\linkResolver.cpp, line 773]
Event: 1.521 Thread 0x00000124a6d93920 Exception <a 'java/lang/NoSuchMethodError'{0x00000007116e09c0}: 'int java.lang.invoke.DirectMethodHandle$Holder.invokeStaticInit(java.lang.Object, java.lang.Object)'> (0x00000007116e09c0) 
thrown [s\src\hotspot\share\interpreter\linkResolver.cpp, line 773]
Event: 1.885 Thread 0x00000124a6d93920 Exception <a 'java/lang/NoSuchMethodError'{0x00000007115067c8}: 'java.lang.Object java.lang.invoke.DirectMethodHandle$Holder.invokeStaticInit(java.lang.Object, int, int, int, int)'> (0x00000007115067c8) 
thrown [s\src\hotspot\share\interpreter\linkResolver.cpp, line 773]
Event: 1.952 Thread 0x00000124a6d93920 Exception <a 'java/lang/NoSuchMethodError'{0x0000000711582f90}: 'java.lang.Object java.lang.invoke.DirectMethodHandle$Holder.invokeStaticInit(java.lang.Object, java.lang.Object, int, int, int, int)'> (0x0000000711582f90) 
thrown [s\src\hotspot\share\interpreter\linkResolver.cpp, line 773]
Event: 2.191 Thread 0x00000124a6d93920 Exception <a 'sun/nio/fs/WindowsException'{0x0000000711399ab0}> (0x0000000711399ab0) 
thrown [s\src\hotspot\share\prims\jni.cpp, line 520]
Event: 2.329 Thread 0x00000124a6d93920 Exception <a 'java/lang/NoSuchMethodError'{0x00000007113e2168}: 'void java.lang.invoke.DirectMethodHandle$Holder.invokeStatic(java.lang.Object, java.lang.Object, java.lang.Object)'> (0x00000007113e2168) 
thrown [s\src\hotspot\share\interpreter\linkResolver.cpp, line 773]
Event: 2.334 Thread 0x00000124a6d93920 Exception <a 'java/lang/NoSuchMethodError'{0x00000007113e7ff8}: 'void java.lang.invoke.DirectMethodHandle$Holder.invokeVirtual(java.lang.Object, java.lang.Object)'> (0x00000007113e7ff8) 
thrown [s\src\hotspot\share\interpreter\linkResolver.cpp, line 773]
Event: 2.344 Thread 0x00000124a6d93920 Implicit null exception at 0x000001249818b204 to 0x000001249818bae4
Event: 2.632 Thread 0x00000124a6d93920 Exception <a 'java/lang/NoSuchMethodError'{0x0000000711a81b28}: 'java.lang.Object java.lang.invoke.DirectMethodHandle$Holder.invokeStaticInit(java.lang.Object, java.lang.Object, java.lang.Object)'> (0x0000000711a81b28) 
thrown [s\src\hotspot\share\interpreter\linkResolver.cpp, line 773]
Event: 1801.046 Thread 0x00000124a6d93920 Implicit null exception at 0x000001249818c7ad to 0x000001249818d0b8
Event: 1801.056 Thread 0x00000124a6d93920 Implicit null exception at 0x00000124981a6e2c to 0x00000124981b1154

ZGC Phase Switch (0 events):
No events

VM Operations (20 events):
Event: 7262.229 Executing VM operation: G1CollectForAllocation (G1 Evacuation Pause) done
Event: 7265.463 Executing VM operation: G1CollectForAllocation (G1 Evacuation Pause)
Event: 7265.464 Executing VM operation: G1CollectForAllocation (G1 Evacuation Pause) done
Event: 7266.990 Executing VM operation: G1PauseRemark
Event: 7266.991 Executing VM operation: G1PauseRemark done
Event: 7267.583 Executing VM operation: G1PauseCleanup
Event: 7267.583 Executing VM operation: G1PauseCleanup done
Event: 7268.769 Executing VM operation: G1CollectForAllocation (G1 Evacuation Pause)
Event: 7268.770 Executing VM operation: G1CollectForAllocation (G1 Evacuation Pause) done
Event: 7294.997 Executing VM operation: G1CollectForAllocation (G1 Evacuation Pause)
Event: 7295.005 Executing VM operation: G1CollectForAllocation (G1 Evacuation Pause) done
Event: 7298.759 Executing VM operation: G1CollectForAllocation (G1 Evacuation Pause)
Event: 7298.760 Executing VM operation: G1CollectForAllocation (G1 Evacuation Pause) done
Event: 7300.227 Executing VM operation: G1PauseRemark
Event: 7300.228 Executing VM operation: G1PauseRemark done
Event: 7300.799 Executing VM operation: G1PauseCleanup
Event: 7300.800 Executing VM operation: G1PauseCleanup done
Event: 8101.078 Executing VM operation: G1CollectForAllocation (G1 Evacuation Pause)
Event: 8101.114 Executing VM operation: G1CollectForAllocation (G1 Evacuation Pause) done
Event: 8132.882 Executing VM operation: G1CollectForAllocation (G1 Evacuation Pause)

Events (20 events):
Event: 6309.743 Thread 0x00000124a6b28c30 flushing nmethod 0x00000124981a6090
Event: 6309.743 Thread 0x00000124a6b28c30 flushing nmethod 0x00000124981bcf90
Event: 6309.743 Thread 0x00000124a6b28c30 flushing nmethod 0x000001249818c490
Event: 6309.743 Thread 0x00000124a6b28c30 flushing nmethod 0x000001249818b010
Event: 6309.743 Thread 0x00000124a6b28c30 flushing nmethod 0x00000124981a3290
Event: 6309.743 Thread 0x00000124a6b28c30 flushing nmethod 0x0000012498185e10
Event: 6309.743 Thread 0x00000124a6b28c30 flushing nmethod 0x0000012498183610
Event: 6309.743 Thread 0x00000124a6b28c30 flushing nmethod 0x000001249817ed90
Event: 6309.743 Thread 0x00000124a6b28c30 flushing nmethod 0x0000012498175090
Event: 6309.743 Thread 0x00000124a6b28c30 flushing nmethod 0x0000012498158c10
Event: 6309.743 Thread 0x00000124a6b28c30 flushing nmethod 0x000001249814ad90
Event: 6320.157 Thread 0x00000124a6b28c30 flushing nmethod 0x00000124908ce290
Event: 6320.157 Thread 0x00000124a6b28c30 flushing nmethod 0x0000012490696f90
Event: 6320.157 Thread 0x00000124a6b28c30 flushing nmethod 0x0000012490695a90
Event: 6360.838 Thread 0x00000124ab3f6870 Thread exited: 0x00000124ab3f6870
Event: 7201.112 Thread 0x00000124ab3f6870 Thread added: 0x00000124ab3f6870
Event: 7208.667 Thread 0x00000124a6b28c30 flushing nmethod 0x00000124907a9910
Event: 7208.667 Thread 0x00000124a6b28c30 flushing nmethod 0x00000124906b0c90
Event: 7321.147 Thread 0x00000124ab3f6870 Thread exited: 0x00000124ab3f6870
Event: 8101.051 Thread 0x00000124ab3f6870 Thread added: 0x00000124ab3f6870


Dynamic libraries:
0x00007ff67d120000 - 0x00007ff67d12e000 	C:\Users\ADMIN\.p2\pool\plugins\org.eclipse.justj.openjdk.hotspot.jre.full.win32.x86_64_21.0.2.v20240123-0840\jre\bin\javaw.exe
0x00007ffeb9df0000 - 0x00007ffeba006000 	C:\Windows\SYSTEM32\ntdll.dll
0x00007ffeb8a30000 - 0x00007ffeb8af4000 	C:\Windows\System32\KERNEL32.DLL
0x00007ffeb7230000 - 0x00007ffeb75d7000 	C:\Windows\System32\KERNELBASE.dll
0x00007ffeb7610000 - 0x00007ffeb7721000 	C:\Windows\System32\ucrtbase.dll
0x00007ffe577d0000 - 0x00007ffe577e8000 	C:\Users\ADMIN\.p2\pool\plugins\org.eclipse.justj.openjdk.hotspot.jre.full.win32.x86_64_21.0.2.v20240123-0840\jre\bin\jli.dll
0x00007ffeb8b10000 - 0x00007ffeb8cbe000 	C:\Windows\System32\USER32.dll
0x00007ffeb75e0000 - 0x00007ffeb7606000 	C:\Windows\System32\win32u.dll
0x00007ffeb7e90000 - 0x00007ffeb7eb9000 	C:\Windows\System32\GDI32.dll
0x00007ffeb7110000 - 0x00007ffeb7229000 	C:\Windows\System32\gdi32full.dll
0x00007ffeb7730000 - 0x00007ffeb77ca000 	C:\Windows\System32\msvcp_win.dll
0x00007ffe578b0000 - 0x00007ffe578cb000 	C:\Users\ADMIN\.p2\pool\plugins\org.eclipse.justj.openjdk.hotspot.jre.full.win32.x86_64_21.0.2.v20240123-0840\jre\bin\VCRUNTIME140.dll
0x00007ffea0d20000 - 0x00007ffea0fb3000 	C:\Windows\WinSxS\amd64_microsoft.windows.common-controls_6595b64144ccf1df_6.0.22621.3235_none_270f74e173860f98\COMCTL32.dll
0x00007ffeb9770000 - 0x00007ffeb9817000 	C:\Windows\System32\msvcrt.dll
0x00007ffeb89f0000 - 0x00007ffeb8a21000 	C:\Windows\System32\IMM32.DLL
0x00007ffe903b0000 - 0x00007ffe903bc000 	C:\Users\ADMIN\.p2\pool\plugins\org.eclipse.justj.openjdk.hotspot.jre.full.win32.x86_64_21.0.2.v20240123-0840\jre\bin\vcruntime140_1.dll
0x00007ffe53da0000 - 0x00007ffe53e2e000 	C:\Users\ADMIN\.p2\pool\plugins\org.eclipse.justj.openjdk.hotspot.jre.full.win32.x86_64_21.0.2.v20240123-0840\jre\bin\msvcp140.dll
0x00007ffe4c420000 - 0x00007ffe4d1a3000 	C:\Users\ADMIN\.p2\pool\plugins\org.eclipse.justj.openjdk.hotspot.jre.full.win32.x86_64_21.0.2.v20240123-0840\jre\bin\server\jvm.dll
0x00007ffeb9ce0000 - 0x00007ffeb9d92000 	C:\Windows\System32\ADVAPI32.dll
0x00007ffeb7be0000 - 0x00007ffeb7c88000 	C:\Windows\System32\sechost.dll
0x00007ffeb7af0000 - 0x00007ffeb7b18000 	C:\Windows\System32\bcrypt.dll
0x00007ffeb9820000 - 0x00007ffeb9935000 	C:\Windows\System32\RPCRT4.dll
0x00007ffeb7b60000 - 0x00007ffeb7bd1000 	C:\Windows\System32\WS2_32.dll
0x00007ffeb6e30000 - 0x00007ffeb6e7d000 	C:\Windows\SYSTEM32\POWRPROF.dll
0x00007ffeb0ac0000 - 0x00007ffeb0af4000 	C:\Windows\SYSTEM32\WINMM.dll
0x00007ffea5ec0000 - 0x00007ffea5eca000 	C:\Windows\SYSTEM32\VERSION.dll
0x00007ffeb6e10000 - 0x00007ffeb6e23000 	C:\Windows\SYSTEM32\UMPDC.dll
0x00007ffeb6110000 - 0x00007ffeb6128000 	C:\Windows\SYSTEM32\kernel.appcore.dll
0x00007ffe91dd0000 - 0x00007ffe91dda000 	C:\Users\ADMIN\.p2\pool\plugins\org.eclipse.justj.openjdk.hotspot.jre.full.win32.x86_64_21.0.2.v20240123-0840\jre\bin\jimage.dll
0x00007ffeb1850000 - 0x00007ffeb1a83000 	C:\Windows\SYSTEM32\DBGHELP.DLL
0x00007ffeb8f60000 - 0x00007ffeb92e8000 	C:\Windows\System32\combase.dll
0x00007ffeb9940000 - 0x00007ffeb9a17000 	C:\Windows\System32\OLEAUT32.dll
0x00007ffea7020000 - 0x00007ffea7052000 	C:\Windows\SYSTEM32\dbgcore.DLL
0x00007ffeb77d0000 - 0x00007ffeb7849000 	C:\Windows\System32\bcryptPrimitives.dll
0x00007ffe59710000 - 0x00007ffe5972f000 	C:\Users\ADMIN\.p2\pool\plugins\org.eclipse.justj.openjdk.hotspot.jre.full.win32.x86_64_21.0.2.v20240123-0840\jre\bin\java.dll
0x00007ffe57890000 - 0x00007ffe578a8000 	C:\Users\ADMIN\.p2\pool\plugins\org.eclipse.justj.openjdk.hotspot.jre.full.win32.x86_64_21.0.2.v20240123-0840\jre\bin\zip.dll
0x00007ffeb7ec0000 - 0x00007ffeb871c000 	C:\Windows\System32\SHELL32.dll
0x00007ffeb5020000 - 0x00007ffeb5919000 	C:\Windows\SYSTEM32\windows.storage.dll
0x00007ffeb4ee0000 - 0x00007ffeb501e000 	C:\Windows\SYSTEM32\wintypes.dll
0x00007ffeb8730000 - 0x00007ffeb8823000 	C:\Windows\System32\SHCORE.dll
0x00007ffeb8990000 - 0x00007ffeb89ee000 	C:\Windows\System32\shlwapi.dll
0x00007ffeb7040000 - 0x00007ffeb7061000 	C:\Windows\SYSTEM32\profapi.dll
0x00007ffe918c0000 - 0x00007ffe918d0000 	C:\Users\ADMIN\.p2\pool\plugins\org.eclipse.justj.openjdk.hotspot.jre.full.win32.x86_64_21.0.2.v20240123-0840\jre\bin\net.dll
0x00007ffeac640000 - 0x00007ffeac776000 	C:\Windows\SYSTEM32\WINHTTP.dll
0x00007ffeb6570000 - 0x00007ffeb65d9000 	C:\Windows\system32\mswsock.dll
0x00007ffe577f0000 - 0x00007ffe57806000 	C:\Users\ADMIN\.p2\pool\plugins\org.eclipse.justj.openjdk.hotspot.jre.full.win32.x86_64_21.0.2.v20240123-0840\jre\bin\nio.dll
0x00007ffeb5bf0000 - 0x00007ffeb5ce9000 	C:\Windows\SYSTEM32\DNSAPI.dll
0x00007ffeb5b80000 - 0x00007ffeb5bad000 	C:\Windows\SYSTEM32\IPHLPAPI.DLL
0x00007ffeb8720000 - 0x00007ffeb8729000 	C:\Windows\System32\NSI.dll
0x00007ffea38f0000 - 0x00007ffea38fa000 	C:\Windows\System32\rasadhlp.dll
0x00007ffea7370000 - 0x00007ffea73f3000 	C:\Windows\System32\fwpuclnt.dll
0x00007ffe8eae0000 - 0x00007ffe8eae9000 	C:\Users\ADMIN\.p2\pool\plugins\org.eclipse.justj.openjdk.hotspot.jre.full.win32.x86_64_21.0.2.v20240123-0840\jre\bin\extnet.dll
0x00007ffe902d0000 - 0x00007ffe902da000 	C:\Users\ADMIN\.p2\pool\plugins\org.eclipse.justj.openjdk.hotspot.jre.full.win32.x86_64_21.0.2.v20240123-0840\jre\bin\management.dll
0x00007ffe90250000 - 0x00007ffe9025b000 	C:\Users\ADMIN\.p2\pool\plugins\org.eclipse.justj.openjdk.hotspot.jre.full.win32.x86_64_21.0.2.v20240123-0840\jre\bin\management_ext.dll
0x00007ffeb8b00000 - 0x00007ffeb8b08000 	C:\Windows\System32\PSAPI.DLL
0x00007ffeb68c0000 - 0x00007ffeb68db000 	C:\Windows\SYSTEM32\CRYPTSP.dll
0x00007ffeb6070000 - 0x00007ffeb60a5000 	C:\Windows\system32\rsaenh.dll
0x00007ffeb6610000 - 0x00007ffeb6638000 	C:\Windows\SYSTEM32\USERENV.dll
0x00007ffeb68a0000 - 0x00007ffeb68ac000 	C:\Windows\SYSTEM32\CRYPTBASE.dll

dbghelp: loaded successfully - version: 4.0.5 - missing functions: none
symbol engine: initialized successfully - sym options: 0x614 - pdb path: .;C:\Users\ADMIN\.p2\pool\plugins\org.eclipse.justj.openjdk.hotspot.jre.full.win32.x86_64_21.0.2.v20240123-0840\jre\bin;C:\Windows\SYSTEM32;C:\Windows\WinSxS\amd64_microsoft.windows.common-controls_6595b64144ccf1df_6.0.22621.3235_none_270f74e173860f98;C:\Users\ADMIN\.p2\pool\plugins\org.eclipse.justj.openjdk.hotspot.jre.full.win32.x86_64_21.0.2.v20240123-0840\jre\bin\server

VM Arguments:
jvm_args: -Dfile.encoding=UTF-8 -Dstdout.encoding=UTF-8 -Dstderr.encoding=UTF-8 -XX:+ShowCodeDetailsInExceptionMessages 
java_command: pmtable.pmpost
java_class_path (initial): C:\Users\ADMIN\eclipse-workspace\pmtable\target\classes;C:\Users\ADMIN\Downloads\postgresql-42.7.2.jar;C:\Users\ADMIN\.m2\repository\org\postgresql\postgresql\42.2.23\postgresql-42.2.23.jar;C:\Users\ADMIN\.m2\repository\org\checkerframework\checker-qual\3.5.0\checker-qual-3.5.0.jar
Launcher Type: SUN_STANDARD

[Global flags]
     intx CICompilerCount                          = 3                                         {product} {ergonomic}
     uint ConcGCThreads                            = 1                                         {product} {ergonomic}
     uint G1ConcRefinementThreads                  = 4                                         {product} {ergonomic}
   size_t G1HeapRegionSize                         = 2097152                                   {product} {ergonomic}
    uintx GCDrainStackTargetSize                   = 64                                        {product} {ergonomic}
   size_t InitialHeapSize                          = 268435456                                 {product} {ergonomic}
   size_t MarkStackSize                            = 4194304                                   {product} {ergonomic}
   size_t MaxHeapSize                              = 4265607168                                {product} {ergonomic}
   size_t MaxNewSize                               = 2558525440                                {product} {ergonomic}
   size_t MinHeapDeltaBytes                        = 2097152                                   {product} {ergonomic}
   size_t MinHeapSize                              = 8388608                                   {product} {ergonomic}
    uintx NonNMethodCodeHeapSize                   = 5832780                                {pd product} {ergonomic}
    uintx NonProfiledCodeHeapSize                  = 122912730                              {pd product} {ergonomic}
    uintx ProfiledCodeHeapSize                     = 122912730                              {pd product} {ergonomic}
    uintx ReservedCodeCacheSize                    = 251658240                              {pd product} {ergonomic}
     bool SegmentedCodeCache                       = true                                      {product} {ergonomic}
     bool ShowCodeDetailsInExceptionMessages       = true                                   {manageable} {command line}
   size_t SoftMaxHeapSize                          = 4265607168                             {manageable} {ergonomic}
     bool UseCompressedOops                        = true                           {product lp64_product} {ergonomic}
     bool UseG1GC                                  = true                                      {product} {ergonomic}
     bool UseLargePagesIndividualAllocation        = false                                  {pd product} {ergonomic}

Logging:
Log output configuration:
 #0: stdout all=warning uptime,level,tags foldmultilines=false
 #1: stderr all=off uptime,level,tags foldmultilines=false

Environment Variables:
PATH=C:/Users/ADMIN/.p2/pool/plugins/org.eclipse.justj.openjdk.hotspot.jre.full.win32.x86_64_21.0.2.v20240123-0840/jre/bin/server;C:/Users/ADMIN/.p2/pool/plugins/org.eclipse.justj.openjdk.hotspot.jre.full.win32.x86_64_21.0.2.v20240123-0840/jre/bin;C:\Card Python\Scripts\;C:\Card Python\;C:\Windows\system32;C:\Windows;C:\Windows\System32\Wbem;C:\Windows\System32\WindowsPowerShell\v1.0\;C:\Windows\System32\OpenSSH\;C:\Program Files\Microsoft SQL Server\150\Tools\Binn\;C:\Program Files\Microsoft SQL Server\Client SDK\ODBC\170\Tools\Binn\;C:\Program Files\dotnet\;C:\Users\ADMIN\;C:\Users\ADMIN\Git\cmd;C:\Users\ADMIN\Git\mingw64\bin;C:\Users\ADMIN\Git\usr\bin;C:\Program Files\Docker\Docker\resources\bin;C:\Users\ADMIN\AppData\Local\Microsoft\WindowsApps;C:\Users\ADMIN\AppData\Local\Programs\Microsoft VS Code\bin;C:\Users\ADMIN\.dotnet\tools;C:\Users\ADMIN\AppData\Roaming\npm;C:\Users\ADMIN\Desktop;
USERNAME=ADMIN
OS=Windows_NT
PROCESSOR_IDENTIFIER=Intel64 Family 6 Model 78 Stepping 3, GenuineIntel
TMP=C:\Users\ADMIN\AppData\Local\Temp
TEMP=C:\Users\ADMIN\AppData\Local\Temp




Periodic native trim disabled

---------------  S Y S T E M  ---------------

OS:
 Windows 11 , 64 bit Build 22621 (10.0.22621.3374)
OS uptime: 9 days 17:59 hours
Hyper-V role detected

CPU: total 4 (initial active 4) (2 cores per cpu, 2 threads per core) family 6 model 78 stepping 3 microcode 0xf0, cx8, cmov, fxsr, ht, mmx, 3dnowpref, sse, sse2, sse3, ssse3, sse4.1, sse4.2, popcnt, lzcnt, tsc, tscinvbit, avx, avx2, aes, erms, clmul, bmi1, bmi2, rtm, adx, fma, vzeroupper, clflush, clflushopt, hv, rdtscp, f16c
Processor Information for all 4 processors :
  Max Mhz: 2496, Current Mhz: 2396, Mhz Limit: 2396

Memory: 4k page, system-wide physical 16264M (99M free)
TotalPageFile size 33469M (AvailPageFile size 4M)
current process WorkingSet (physical memory assigned to process): 1011M, peak: 1527M
current process commit charge ("private bytes"): 2276M, peak: 2278M

vm_info: OpenJDK 64-Bit Server VM (21.0.2+13-LTS) for windows-amd64 JRE (21.0.2+13-LTS), built on 2024-01-16T00:00:00Z by "admin" with unknown MS VC++:1937

END.
